query,cold_median_ms,cold_mean_ms,cold_stddev_ms,exec_median_ms,exec_mean_ms,exec_stddev_ms,compile_median_ms,compile_mean_ms,run_1,run_2,run_3,run_4,run_5,run_6,run_7,run_8,run_9,run_10
1a,30299.066,30451.203,756.082,0.168,0.166,0.005,30298.903,30451.037,32394.387,30960.699,29976.246,30432.272,29802.846,30312.323,29955.174,30338.056,30054.223,30285.808
1b,30298.907,30451.041,756.083,0.004,0.004,0.0,30298.903,30451.037,32394.222,30960.546,29976.083,30432.108,29802.681,30312.159,29955.01,30337.891,30054.058,30285.654
1c,30298.913,30451.047,756.083,0.01,0.01,0.001,30298.903,30451.037,32394.228,30960.551,29976.088,30432.115,29802.688,30312.165,29955.016,30337.897,30054.064,30285.66
1d,30298.906,30451.041,756.083,0.003,0.004,0.0,30298.903,30451.037,32394.222,30960.546,29976.082,30432.107,29802.68,30312.159,29955.01,30337.89,30054.058,30285.653
2a,30301.06,30453.173,756.102,2.138,2.136,0.048,30298.903,30451.037,32396.42,30962.672,29978.207,30434.259,29804.815,30314.332,29957.146,30339.903,30056.188,30287.788
2b,30300.503,30452.645,756.074,1.64,1.608,0.078,30298.903,30451.037,32395.821,30962.212,29977.714,30433.582,29804.343,30313.662,29956.671,30339.403,30055.699,30287.344
2c,30298.906,30451.04,756.083,0.003,0.003,0.0,30298.903,30451.037,32394.221,30960.545,29976.081,30432.106,29802.68,30312.159,29955.009,30337.89,30054.057,30285.653
2d,30300.35,30452.489,756.099,1.441,1.452,0.027,30298.903,30451.037,32395.715,30961.981,29977.515,30433.55,29804.115,30313.6,29956.434,30339.39,30055.488,30287.101
3a,30299.774,30451.891,756.08,0.847,0.854,0.021,30298.903,30451.037,32395.063,30961.389,29976.957,30432.967,29803.521,30313.051,29955.85,30338.71,30054.904,30286.496
3b,30299.739,30451.887,756.072,0.842,0.849,0.039,30298.903,30451.037,32395.065,30961.379,29976.908,30432.91,29803.602,30312.968,29955.905,30338.697,30054.922,30286.511
3c,30299.855,30451.976,756.086,0.936,0.938,0.035,30298.903,30451.037,32395.152,30961.536,29977.01,30433.002,29803.614,30313.058,29955.944,30338.792,30054.995,30286.652
4a,30299.708,30451.857,756.102,0.813,0.82,0.026,30298.903,30451.037,32395.094,30961.369,29976.888,30432.89,29803.491,30312.952,29955.819,30338.738,30054.866,30286.464
4b,30299.342,30451.477,756.082,0.442,0.44,0.004,30298.903,30451.037,32394.66,30960.979,29976.521,30432.539,29803.119,30312.589,29955.451,30338.32,30054.496,30286.095
4c,30299.874,30452.002,756.08,0.964,0.965,0.03,30298.903,30451.037,32395.187,30961.508,29977.086,30433.016,29803.637,30313.136,29955.964,30338.813,30055.06,30286.611
5a,30300.824,30452.959,756.098,1.934,1.922,0.065,30298.903,30451.037,32396.189,30962.531,29977.986,30433.942,29804.638,30313.995,29956.973,30339.725,30055.959,30287.652
5b,30299.385,30451.527,756.081,0.487,0.489,0.018,30298.903,30451.037,32394.706,30961.019,29976.566,30432.577,29803.165,30312.636,29955.494,30338.426,30054.542,30286.135
5c,30299.41,30451.544,756.083,0.508,0.507,0.003,30298.903,30451.037,32394.729,30961.043,29976.588,30432.611,29803.185,30312.66,29955.512,30338.391,30054.563,30286.159
6a,30299.136,30451.271,756.082,0.233,0.234,0.006,30298.903,30451.037,32394.451,30960.766,29976.313,30432.351,29802.91,30312.387,29955.24,30338.12,30054.287,30285.885
6b,30299.137,30451.269,756.083,0.232,0.231,0.005,30298.903,30451.037,32394.453,30960.768,29976.298,30432.332,29802.909,30312.388,29955.242,30338.118,30054.292,30285.885
6c,30298.913,30451.042,756.082,0.004,0.005,0.004,30298.903,30451.037,32394.222,30960.546,29976.082,30432.107,29802.681,30312.172,29955.01,30337.89,30054.058,30285.654
6d,30300.096,30452.235,756.066,1.197,1.198,0.03,30298.903,30451.037,32395.391,30961.722,29977.296,30433.271,29803.91,30313.326,29956.251,30339.052,30055.267,30286.866
6e,30299.079,30451.214,756.088,0.177,0.177,0.01,30298.903,30451.037,32394.411,30960.725,29976.26,30432.269,29802.862,30312.321,29955.173,30338.056,30054.227,30285.836
6f,30300.264,30452.429,756.111,1.387,1.392,0.041,30298.903,30451.037,32395.695,30961.966,29977.463,30433.436,29804.067,30313.494,29956.415,30339.281,30055.435,30287.033
7a,30299.267,30451.404,756.083,0.371,0.367,0.008,30298.903,30451.037,32394.594,30960.903,29976.452,30432.46,29803.054,30312.514,29955.38,30338.242,30054.426,30286.02
7b,30299.099,30451.235,756.082,0.197,0.198,0.008,30298.903,30451.037,32394.415,30960.731,29976.278,30432.323,29802.874,30312.351,29955.204,30338.078,30054.253,30285.847
7c,30302.222,30454.403,756.084,3.438,3.366,0.138,30298.903,30451.037,32397.654,30963.973,29979.519,30435.232,29806.147,30315.353,29958.485,30341.068,30057.507,30289.092
8a,30300.365,30452.493,756.061,1.456,1.456,0.034,30298.903,30451.037,32395.64,30961.952,29977.576,30433.545,29804.157,30313.629,29956.516,30339.304,30055.513,30287.102
8b,30299.639,30451.752,756.083,0.712,0.715,0.024,30298.903,30451.037,32394.937,30961.25,29976.796,30432.807,29803.395,30312.851,29955.723,30338.583,30054.748,30286.427
8c,30301.558,30453.783,756.162,2.973,2.746,0.338,30298.903,30451.037,32397.244,30963.604,29979.106,30434.441,29805.651,30314.488,29957.979,30340.309,30056.384,30288.629
8d,30298.919,30451.056,756.082,0.017,0.019,0.005,30298.903,30451.037,32394.236,30960.561,29976.097,30432.12,29802.694,30312.172,29955.039,30337.903,30054.072,30285.666
9a,30300.418,30452.547,756.089,1.513,1.509,0.064,30298.903,30451.037,32395.747,30962.13,29977.601,30433.54,29804.274,30313.608,29956.51,30339.319,30055.508,30287.227
9b,30299.922,30452.057,756.084,1.02,1.02,0.007,30298.903,30451.037,32395.244,30961.553,29977.099,30433.125,29803.695,30313.173,29956.027,30338.922,30055.063,30286.67
9c,30300.981,30453.12,756.076,2.076,2.083,0.026,30298.903,30451.037,32396.286,30962.638,29978.155,30434.152,29804.75,30314.237,29957.152,30339.958,30056.143,30287.726
9d,30300.273,30452.426,756.109,1.399,1.389,0.05,30298.903,30451.037,32395.674,30962.01,29977.475,30433.436,29804.082,30313.489,29956.409,30339.252,30055.38,30287.058
10a,30299.475,30451.61,756.082,0.574,0.572,0.004,30298.903,30451.037,32394.792,30961.111,29976.654,30432.672,29803.252,30312.724,29955.583,30338.461,30054.621,30286.226
10b,30299.109,30451.243,756.083,0.208,0.206,0.006,30298.903,30451.037,32394.429,30960.743,29976.289,30432.31,29802.889,30312.356,29955.216,30338.081,30054.254,30285.862
10c,30300.785,30452.933,756.075,1.914,1.896,0.081,30298.903,30451.037,32396.123,30962.466,29978.063,30433.911,29804.651,30313.954,29956.985,30339.708,30055.85,30287.617
11a,30299.065,30451.195,756.082,0.16,0.158,0.005,30298.903,30451.037,32394.379,30960.688,29976.24,30432.262,29802.837,30312.315,29955.167,30338.037,30054.213,30285.814
11b,30299.049,30451.188,756.086,0.147,0.151,0.016,30298.903,30451.037,32394.365,30960.735,29976.228,30432.25,29802.823,30312.302,29955.154,30338.021,30054.204,30285.796
11c,30298.999,30451.134,756.088,0.097,0.097,0.009,30298.903,30451.037,32394.337,30960.627,29976.176,30432.198,29802.774,30312.252,29955.104,30337.973,30054.15,30285.747
11d,30299.071,30451.207,756.081,0.169,0.17,0.005,30298.903,30451.037,32394.387,30960.702,29976.249,30432.271,29802.85,30312.322,29955.175,30338.068,30054.221,30285.82
12a,30299.468,30451.606,756.084,0.569,0.568,0.008,30298.903,30451.037,32394.794,30961.11,29976.66,30432.665,29803.254,30312.715,29955.578,30338.445,30054.615,30286.22
12b,30298.907,30451.042,756.083,0.005,0.005,0.0,30298.903,30451.037,32394.223,30960.547,29976.084,30432.108,29802.682,30312.16,29955.011,30337.892,30054.059,30285.654
12c,30301.501,30453.656,756.085,2.672,2.619,0.112,30298.903,30451.037,32396.885,30963.219,29978.806,30434.593,29805.398,30314.654,29957.742,30340.369,30056.548,30288.348
13a,30299.737,30451.888,756.107,0.864,0.851,0.047,30298.903,30451.037,32395.135,30961.46,29976.942,30432.904,29803.547,30312.96,29955.875,30338.685,30054.855,30286.514
13b,30303.324,30455.468,756.087,4.451,4.431,0.082,30298.903,30451.037,32398.661,30965.069,29980.538,30436.449,29807.137,30316.505,29959.558,30342.236,30058.385,30290.143
13c,30301.757,30453.933,756.12,2.988,2.896,0.148,30298.903,30451.037,32397.253,30963.562,29979.103,30434.818,29805.682,30314.876,29957.995,30340.613,30056.792,30288.637
13d,30307.517,30459.739,756.151,8.87,8.702,0.28,30298.903,30451.037,32403.166,30969.502,29984.979,30440.511,29811.568,30320.534,29963.964,30346.257,30062.413,30294.499
14a,30300.173,30452.32,756.077,1.274,1.283,0.022,30298.903,30451.037,32395.492,30961.83,29977.405,30433.367,29803.952,30313.417,29956.322,30339.159,30055.325,30286.929
14b,30299.39,30451.527,756.076,0.485,0.49,0.019,30298.903,30451.037,32394.699,30961.022,29976.563,30432.587,29803.22,30312.643,29955.484,30338.372,30054.54,30286.138
14c,30300.696,30452.823,756.099,1.779,1.786,0.023,30298.903,30451.037,32396.036,30962.35,29977.85,30433.916,29804.442,30313.937,29956.784,30339.659,30055.804,30287.454
15a,30304.784,30456.996,756.117,6.041,5.959,0.164,30298.903,30451.037,32400.323,30966.632,29982.142,30437.878,29808.771,30317.899,29961.137,30343.652,30059.855,30291.668
15b,30299.177,30451.293,756.08,0.25,0.255,0.016,30298.903,30451.037,32394.467,30960.792,29976.339,30432.357,29802.937,30312.405,29955.255,30338.134,30054.292,30285.948
15c,30305.713,30457.911,756.121,6.88,6.874,0.109,30298.903,30451.037,32401.191,30967.594,29983.007,30438.844,29809.565,30318.903,29961.984,30344.665,30060.839,30292.523
15d,30306.815,30459.03,756.136,8.099,7.993,0.208,30298.903,30451.037,32402.399,30968.753,29984.186,30439.832,29810.823,30319.889,29963.179,30345.639,30061.861,30293.74
16a,30299.24,30451.375,756.079,0.333,0.337,0.018,30298.903,30451.037,32394.558,30960.863,29976.429,30432.432,29803.055,30312.485,29955.343,30338.216,30054.37,30285.994
16b,30299.046,30451.182,756.083,0.145,0.145,0.004,30298.903,30451.037,32394.365,30960.688,29976.222,30432.244,29802.82,30312.297,29955.153,30338.041,30054.199,30285.795
16c,30299.154,30451.275,756.08,0.236,0.238,0.012,30298.903,30451.037,32394.453,30960.767,29976.32,30432.339,29802.924,30312.392,29955.238,30338.123,30054.28,30285.915
16d,30303.25,30455.383,756.088,4.314,4.345,0.102,30298.903,30451.037,32398.65,30964.813,29980.569,30436.322,29807.031,30316.401,29959.46,30342.152,30058.328,30290.1
17a,30306.59,30458.823,756.176,7.992,7.786,0.399,30298.903,30451.037,32402.222,30968.946,29984.135,30439.435,29810.677,30319.496,29962.991,30345.27,30061.374,30293.683
17b,30300.916,30453.044,756.088,2.012,2.006,0.013,30298.903,30451.037,32396.23,30962.56,29978.054,30434.116,29804.669,30314.166,29957.022,30339.891,30056.063,30287.665
17c,30301.299,30453.438,756.089,2.406,2.4,0.024,30298.903,30451.037,32396.63,30962.987,29978.491,30434.488,29805.085,30314.541,29957.412,30340.239,30056.444,30288.057
17d,30322.854,30474.963,756.116,23.976,23.926,0.606,30298.903,30451.037,32418.671,30984.131,30000.443,30455.387,29827.268,30335.468,29979.462,30361.109,30077.454,30310.24
17e,30303.641,30455.792,756.096,4.788,4.755,0.199,30298.903,30451.037,32399.154,30965.193,29981.003,30436.643,29807.624,30316.681,29959.95,30342.421,30058.647,30290.601
17f,30303.59,30455.724,756.098,4.688,4.687,0.284,30298.903,30451.037,32399.169,30964.99,29981.058,30436.53,29807.606,30316.57,29959.968,30342.289,30058.453,30290.611
18a,30312.304,30464.435,756.091,13.387,13.398,0.094,30298.903,30451.037,32407.711,30973.869,29989.55,30445.413,29816.195,30325.458,29968.455,30351.19,30067.363,30299.149
18b,30301.479,30453.613,756.085,2.575,2.576,0.016,30298.903,30451.037,32396.815,30963.106,29978.671,30434.66,29805.259,30314.723,29957.602,30340.443,30056.621,30288.236
18c,30317.732,30470.147,756.107,18.829,19.11,0.436,30298.903,30451.037,32413.794,30979.308,29995.749,30450.838,29822.308,30330.923,29974.583,30356.617,30072.81,30304.541
19a,30306.291,30458.416,756.074,7.387,7.379,0.029,30298.903,30451.037,32401.575,30967.914,29983.481,30439.493,29810.108,30319.544,29962.348,30345.272,30061.387,30293.038
19b,30306.902,30459.023,756.072,7.992,7.986,0.044,30298.903,30451.037,32402.164,30968.557,29984.103,30440.094,29810.721,30320.179,29962.952,30345.881,30061.955,30293.625
19c,30310.798,30463.076,756.103,11.919,12.038,0.2,30298.903,30451.037,32406.484,30972.455,29988.327,30443.988,29814.975,30324.08,29967.27,30349.763,30065.9,30297.515
19d,30328.173,30481.313,756.172,29.524,30.276,1.207,30298.903,30451.037,32425.747,30990.176,30007.969,30461.307,29834.376,30341.397,29986.557,30367.301,30083.349,30314.95
20a,30309.161,30461.435,756.087,10.367,10.398,0.134,30298.903,30451.037,32404.749,30970.858,29986.619,30442.396,29813.219,30322.386,29965.567,30348.152,30064.472,30295.936
20b,30303.588,30455.713,756.077,4.659,4.676,0.128,30298.903,30451.037,32398.813,30965.347,29980.642,30436.748,29807.251,30316.845,29959.571,30342.56,30059.026,30290.332
20c,30301.888,30454.044,756.082,3.007,3.006,0.026,30298.903,30451.037,32397.233,30963.539,29979.095,30435.111,29805.69,30315.118,29957.989,30340.888,30057.117,30288.657
21a,30299.077,30451.212,756.084,0.175,0.174,0.005,30298.903,30451.037,32394.4,30960.704,29976.253,30432.279,29802.851,30312.33,29955.186,30338.061,30054.228,30285.823
21b,30298.982,30451.114,756.083,0.077,0.077,0.004,30298.903,30451.037,32394.297,30960.61,29976.154,30432.183,29802.754,30312.233,29955.082,30337.966,30054.126,30285.732
21c,30298.973,30451.11,756.085,0.071,0.073,0.007,30298.903,30451.037,32394.289,30960.635,29976.149,30432.174,29802.747,30312.225,29955.076,30337.959,30054.122,30285.721
22a,30300.402,30452.551,756.077,1.502,1.514,0.028,30298.903,30451.037,32395.739,30962.041,29977.637,30433.596,29804.245,30313.648,29956.526,30339.383,30055.543,30287.155
22b,30299.574,30451.703,756.077,0.66,0.666,0.017,30298.903,30451.037,32394.877,30961.189,29976.742,30432.76,29803.338,30312.808,29955.707,30338.544,30054.722,30286.341
22c,30303.315,30455.494,756.096,4.42,4.457,0.07,30298.903,30451.037,32398.77,30964.958,29980.617,30436.508,29807.219,30316.554,29959.522,30342.27,30058.447,30290.075
22d,30301.34,30453.5,756.085,2.465,2.463,0.039,30298.903,30451.037,32396.692,30963.043,29978.601,30434.566,29805.166,30314.612,29957.475,30340.276,30056.501,30288.068
23a,30299.532,30451.663,756.08,0.622,0.625,0.018,30298.903,30451.037,32394.846,30961.153,29976.708,30432.712,29803.308,30312.767,29955.669,30338.502,30054.664,30286.298
23b,30299.172,30451.31,756.081,0.273,0.273,0.006,30298.903,30451.037,32394.493,30960.802,29976.358,30432.378,29802.951,30312.425,29955.286,30338.159,30054.327,30285.92
23c,30300.328,30452.503,756.092,1.469,1.466,0.034,30298.903,30451.037,32395.735,30961.98,29977.578,30433.584,29804.155,30313.598,29956.5,30339.331,30055.514,30287.057
24a,30299.313,30451.449,756.083,0.411,0.412,0.003,30298.903,30451.037,32394.632,30960.954,29976.492,30432.512,29803.092,30312.567,29955.424,30338.297,30054.462,30286.06
24b,30299.206,30451.339,756.082,0.302,0.302,0.003,30298.903,30451.037,32394.521,30960.837,29976.381,30432.406,29802.979,30312.457,29955.31,30338.188,30054.357,30285.954
25a,30302.775,30454.966,756.093,3.877,3.929,0.078,30298.903,30451.037,32398.247,30964.402,29980.095,30435.984,29806.69,30316.027,29959.026,30341.751,30057.918,30289.522
25b,30299.383,30451.512,756.081,0.474,0.475,0.006,30298.903,30451.037,32394.685,30961.02,29976.548,30432.572,29803.147,30312.64,29955.478,30338.366,30054.534,30286.126
25c,30306.497,30458.752,756.103,7.65,7.715,0.136,30298.903,30451.037,32402.093,30968.212,29983.967,30439.69,29810.517,30319.713,29962.876,30345.505,30061.668,30293.28
26a,30302.095,30454.267,756.092,3.215,3.23,0.038,30298.903,30451.037,32397.509,30963.738,29979.319,30435.314,29805.955,30315.343,29958.278,30341.092,30057.274,30288.848
26b,30299.403,30451.541,756.081,0.501,0.504,0.012,30298.903,30451.037,32394.722,30961.043,29976.615,30432.6,29803.178,30312.653,29955.507,30338.385,30054.553,30286.152
26c,30301.573,30453.703,756.083,2.663,2.666,0.018,30298.903,30451.037,32396.88,30963.219,29978.718,30434.751,29805.333,30314.809,29957.671,30340.577,30056.742,30288.336
27a,30299.124,30451.259,756.082,0.22,0.222,0.012,30298.903,30451.037,32394.438,30960.753,29976.295,30432.359,29802.897,30312.378,29955.225,30338.107,30054.275,30285.869
27b,30298.975,30451.103,756.078,0.065,0.066,0.008,30298.903,30451.037,32394.27,30960.61,29976.14,30432.168,29802.75,30312.235,29955.067,30337.95,30054.123,30285.715
27c,30299.034,30451.17,756.078,0.133,0.133,0.006,30298.903,30451.037,32394.342,30960.669,29976.212,30432.237,29802.82,30312.282,29955.137,30338.023,30054.193,30285.786
28a,30300.476,30452.631,756.081,1.578,1.594,0.029,30298.903,30451.037,32395.798,30962.199,29977.688,30433.673,29804.299,30313.729,29956.617,30339.464,30055.625,30287.223
28b,30300.001,30452.114,756.083,1.077,1.077,0.022,30298.903,30451.037,32395.281,30961.626,29977.135,30433.175,29803.73,30313.239,29956.057,30338.993,30055.139,30286.764
28c,30300.699,30452.841,756.08,1.807,1.804,0.019,30298.903,30451.037,32396.021,30962.336,29977.906,30433.925,29804.487,30313.978,29956.792,30339.673,30055.875,30287.421
29a,30298.933,30451.066,756.082,0.03,0.028,0.004,30298.903,30451.037,32394.248,30960.56,29976.107,30432.133,29802.706,30312.186,29955.036,30337.916,30054.084,30285.68
29b,30298.909,30451.044,756.083,0.007,0.007,0.001,30298.903,30451.037,32394.225,30960.55,29976.085,30432.11,29802.684,30312.162,29955.013,30337.894,30054.06,30285.657
29c,30298.972,30451.106,756.082,0.07,0.069,0.004,30298.903,30451.037,32394.29,30960.601,29976.15,30432.174,29802.747,30312.225,29955.076,30337.956,30054.125,30285.719
30a,30299.659,30451.805,756.078,0.758,0.768,0.02,30298.903,30451.037,32394.99,30961.293,29976.859,30432.859,29803.457,30312.912,29955.821,30338.642,30054.815,30286.406
30b,30299.208,30451.344,756.077,0.306,0.306,0.007,30298.903,30451.037,32394.513,30960.843,29976.39,30432.404,29802.993,30312.459,29955.322,30338.192,30054.363,30285.957
30c,30301.868,30454.086,756.095,3.018,3.049,0.082,30298.903,30451.037,32397.364,30963.574,29979.227,30435.07,29805.836,30315.128,29958.114,30340.89,30057.05,30288.609
31a,30304.216,30456.534,756.119,5.336,5.497,0.237,30298.903,30451.037,32400.022,30965.88,29981.851,30437.411,29808.413,30317.449,29960.777,30343.192,30059.362,30290.983
31b,30299.482,30451.623,756.082,0.584,0.586,0.012,30298.903,30451.037,32394.807,30961.115,29976.669,30432.68,29803.266,30312.735,29955.6,30338.5,30054.632,30286.229
31c,30299.393,30451.534,756.08,0.494,0.496,0.01,30298.903,30451.037,32394.708,30961.036,29976.572,30432.599,29803.171,30312.65,29955.5,30338.384,30054.579,30286.137
32a,30298.905,30451.039,756.083,0.002,0.002,0.0,30298.903,30451.037,32394.22,30960.544,29976.081,30432.106,29802.679,30312.158,29955.009,30337.889,30054.056,30285.652
32b,30299.522,30451.647,756.079,0.607,0.61,0.013,30298.903,30451.037,32394.826,30961.132,29976.696,30432.709,29803.299,30312.791,29955.613,30338.49,30054.661,30286.252
33a,30299.04,30451.177,756.078,0.138,0.14,0.012,30298.903,30451.037,32394.354,30960.668,29976.218,30432.242,29802.851,30312.292,29955.146,30338.025,30054.192,30285.787
33b,30298.999,30451.132,756.083,0.096,0.095,0.004,30298.903,30451.037,32394.317,30960.627,29976.175,30432.199,29802.773,30312.252,29955.103,30337.983,30054.148,30285.745
33c,30299.017,30451.158,756.082,0.116,0.121,0.012,30298.903,30451.037,32394.334,30960.681,29976.194,30432.219,29802.793,30312.27,29955.154,30338.002,30054.169,30285.764
