name,info,min(t.production_year),max(t.production_year)
"McGillis, Tom",Australia:PG,2004,2009
"Finan, Tom",Thriller,1985,1992
"Brown, Tom",Biography,1971,2008
"Brown, Tom",Australia:PG,2001,2004
"Saunders, Tom",Australia:PG,2006,2006
"Michaelsson, Tomas",Thriller,2001,2006
"Täng, Tomas",Thriller,1998,2008
"Michaelsson, Tomas",Norway:15,2002,2009
"Täng, Tomas",Norway:15,2002,2009
"Tataranowicz, Tom",Australia:PG,2005,2006
"Seligson, Tom",Biography,1994,2005
"Seligson, Tom",Portugal:M/6,2001,2001
"McQuade, Tom",Biography,1993,1995
"Danon, Tom",Biography,1999,1999
"Tomasky, Stephanie",Biography,1997,2002
"Jennings, Tom",Biography,1997,2010
"Myers, Tom",Biography,2001,2001
"Toms, Bruce",USA:PG,2013,2013
"Chehak, Tom",Australia:PG,1997,1997
"Yardley-Jones, Tom",Australia:PG,1980,1980
"Bellos, Tom",Biography,2001,2006
"Cavanagh, Tom",Australia:PG,2002,2002
"Werner, Tom",Australia:PG,2003,2004
"Langan, Tom",Australia:PG,2011,2012
"Case, Tom",Biography,1999,1999
"Towler, Tom",Australia:PG,1997,1997
"McDonald, Tom",Australia:PG,2009,2009
"Coveney, Tom",Australia:PG,2009,2009
"Maxwell, Tom",Australia:PG,1997,1998
"Greene, Tom",Thriller,1982,1982
"Ronca, Tom",Australia:PG,2009,2009
"Cavanagh, Tom",USA:PG,2006,2006
"Palmer, Tom",Argentina:16,2007,2007
"Wilson, Tom",Argentina:16,2008,2009
"Rowe, Tom",Argentina:16,2005,2006
"Rowe, Tom",Norway:15,1994,2006
"Scharpling, Tom",Australia:PG,2003,2006
"Phillips, Tom",Australia:PG,2008,2008
"Fitzgerald, Tom",Australia:PG,2008,2008
"McCullagh, Tom",Thriller,1997,2012
"McCullagh, Tom",Biography,2001,2008
"Sherry, Tom",Australia:PG,2008,2010
"Martin, Tom",USA:PG,2000,2002
"Thompson, Tommy",Thriller,1993,1993
"Cherones, Tom",Australia:PG,1990,1993
"Gammill, Tom",Australia:PG,1993,2000
"Flores, Tom",Australia:PG,2005,2005
"Benko, Tom",Australia:PG,1988,1999
"Berger, Tom",Australia:PG,2009,2009
"McQuade, Tom",Thriller,2010,2010
"Munroe, Tom",Australia:PG,2009,2009
"Tompkins, Robert",Biography,1999,1999
"Keefe, Tom",Argentina:16,2010,2010
"Hertz, Tom",Australia:PG,2004,2005
"Pyers, Tom",Australia:PG,2004,2007
"Tomblin, David",Australia:PG,1967,1988
"Tompkins, Steve",Australia:PG,1996,1997
"Martin, Tom",Australia:PG,1998,2000
"Keefe, Tom",Thriller,1996,2007
"Berry, Tom",Thriller,1989,2013
"Held, Tom",USA:Passed,1930,1938
"Pavlic, Tomislav",Biography,2004,2004
"Heller, Tom",Biography,2010,2010
"Heller, Tom",Thriller,2010,2010
"Heller, Tom",Argentina:16,2009,2010
"Heller, Tom",Chile:14,2010,2010
"McMenoman, Tom",Thriller,2008,2008
"Remlov, Tom",Thriller,1997,1998
"Remlov, Tom",Norway:15,1997,2000
"Tomita, Isao",Australia:PG,1988,1988
"Tomosunas, Eric",Thriller,2004,2007
"Rosenberg, Tom",Argentina:16,1993,2012
"Tomascoff, Cory",Biography,2012,2012
"Bottomley, Margaret",Biography,1977,1977
"Winterbottom, Michael",Biography,2002,2002
"Winterbottom, Michael",Norway:15,2002,2009
"Winterbottom, Michael",Argentina:16,1998,2002
"Dowler, Tom",Biography,2012,2012
"Sotomayor Martínez, Jesús",Thriller,1957,1970
"Alastra, Tommy",Thriller,2013,2014
"Tomasini, George",USA:Passed,1947,1964
"Doganoglu, Tom",Thriller,2009,2013
"Håkansson, Tommy",Thriller,2012,2012
"Salvitti, Tom",Thriller,1999,1999
"Salvitti, Tom",Argentina:16,1999,1999
"Connors, Tom",Thriller,1975,1975
"Connors, Tom",Spain:13,1975,1975
"Reeve, Tom",Thriller,1989,2010
"Kinninmont, Tom",Thriller,1992,2010
"Wright Jr., Tom",USA:PG,1999,1999
"Wright Jr., Tom",Australia:PG,1999,1999
"Zapiecki, Tom",Biography,2011,2011
"Zubrycki, Tom",Australia:PG,1987,2007
"Merry, Tommy",Thriller,2005,2005
"Cox, Tom",Thriller,2003,2009
"McCullagh, Tom",Argentina:16,1997,2008
"Landon, Tom",Biography,2010,2010
"Cross, Tom",Thriller,2011,2013
"Shell, Tom",Australia:PG,2009,2009
"Karnowski, Tom",Thriller,1987,2013
"Karnowski, Tom",Norway:15,2008,2013
"Karnowski, Tom",Finland:K-16,1982,2013
"Epperson, Tom",Thriller,1996,1997
"Pevsner, Tom",Finland:K-16,1965,1995
"Reeve, Tom",Spain:13,1993,2002
"Tompkins, Amy",Thriller,1988,1994
"Tate, Tom",Thriller,2006,2006
"Boutross, Tom",Thriller,1968,1976
"Gunn, Tom",Australia:PG,1988,1988
"Santomauro, Angelo",USA:PG,2006,2006
"Rosenberg, Tom",Spain:13,1991,2008
"Eskilsson, Tomas",Thriller,2000,2010
"Laskowski, Tom",Thriller,2007,2007
"Thompson, Tommy",USA:PG,1978,1980
"Thompson, Tommy",Australia:PG,1979,1979
"Colicchio, Tom",USA:PG,2012,2012
"Murray, Tom",Biography,2012,2012
"Buchanan, Tomas",Argentina:16,2011,2011
"Pallotta, Tommy",Argentina:16,2006,2006
"Pallotta, Tommy",Chile:14,2006,2006
"Pallotta, Tommy",Norway:15,2006,2006
"McCullagh, Tom",Australia:PG,2009,2009
"McCullagh, Tom",USA:PG,2009,2009
"Clohessy, Tommy",Biography,2014,2014
"Wulf, Tom",Biography,2010,2010
"Berry, Tom",Australia:PG,1998,2008
"Pevsner, Tom",Thriller,1981,1995
"Pevsner, Tom",USA:PG,1973,1987
"Pevsner, Tom",Norway:15,1981,1995
"Wells, Tom",Thriller,1988,1991
"Tomasek, John Patrick",Thriller,2012,2012
"Townsend, Tom",Biography,2012,2012
"Backström, Tomas",Norway:15,1993,2009
"Gamble, Tom",USA:PG,1999,1999
"Walker, Tommy",Biography,2012,2012
"Verde, Tomas",Thriller,2008,2008
"Shell, Tom",Thriller,2008,2014
"Rooker, Tom",Thriller,1997,2012
"Rooker, Tom",Argentina:16,1997,1997
"Rooker, Tom",Norway:15,1997,1999
"Rooker, Tom",Finland:K-16,1997,1999
"Pickard, Tom",Thriller,2013,2013
"Simpson, Tom",Australia:PG,1957,1967
"Weingard, Tom",Thriller,2010,2010
"Kinninmont, Tom",Argentina:16,1992,2000
"Kinninmont, Tom",Finland:K-16,2000,2000
"Ortino, Tommaso",Argentina:16,2009,2009
"Gulbrandsen, Tom",Thriller,2003,2003
"Gulbrandsen, Tom",Australia:PG,2003,2003
"Gulbrandsen, Tom",USA:PG,2003,2003
"Palmieri, Tom",Chile:14,1999,1999
"Tanaka, Tomoyuki",Finland:K-16,1956,1984
"Tanaka, Tomoyuki",Argentina:16,1961,1967
"Ortenberg, Tom",Portugal:M/6,2006,2006
"Ortenberg, Tom",Australia:PG,2003,2008
"Ortenberg, Tom",USA:PG,2006,2012
"Ôtomo, Katsuhiro",Thriller,1995,1995
"Imai, Tomoyuki",Thriller,2012,2013
"Miyazaki, Tsutomu",Thriller,2007,2007
"Hornig, Tom",Argentina:16,2000,2009
"Hannam, Tom",Biography,2007,2009
"Hannam, Tom",Australia:PG,2009,2009
"Edgar, Tom",Thriller,2000,2000
"Peitzman, Tom C.",Australia:PG,2008,2010
"Peitzman, Tom C.",USA:PG,2008,2010
"Seligson, Tom",USA:PG,1995,1995
"Karnowski, Tom",USA:PG,1988,1998
"Molnar, Tom",Thriller,2012,2012
"Roche, Tom",Biography,2009,2010
"Jacobson, Tom",Argentina:16,1980,2009
"Jacobson, Tom",Finland:K-16,1980,1984
"Jacobson, Tom",Norway:15,1980,1984
"Altomare, Scott",Thriller,2007,2007
"Engelman, Tom",Thriller,1993,2006
"Priestley, Tom",USA:PG,1968,1979
"Kuhn, Tom",Spain:13,2001,2004
"Radoor, Tomas",Thriller,2005,2012
"Nguyen, Tommy",Biography,2006,2006
"Tangen, Tom",Biography,2011,2011
"Tomasi, Luciana",Thriller,2000,2012
"Mohler, Tom",Thriller,2006,2009
"Madigan, Tom",Thriller,1972,2009
"Berenger, Tom",Thriller,1996,2011
"Novell, Tom",Thriller,2012,2013
"Eskilsson, Tomas",Norway:15,2000,2012
"Backström, Tomas",Thriller,1997,2005
"Stillmore, Tommi",Thriller,2002,2002
"Sabin, Tom",Thriller,1981,1987
"Ash, Tom",Portugal:M/6,2006,2006
"Hayes, Tom",Australia:PG,1981,1984
"Bender, Tom",Thriller,2011,2011
"Smothers, Tom",USA:PG,1972,1972
"Rautoma, Riitta",Finland:K-16,1976,1976
"Eskilsson, Tomas",Argentina:16,2003,2010
"Donahue, Tom",Thriller,2002,2014
"Sternberg, Tom",Argentina:16,1979,2007
"Sternberg, Tom",Norway:15,1979,1999
"Sternberg, Tom",Finland:K-16,1979,1997
"Hutomo, Ivan",Biography,2011,2011
"DeSanto, Tom",Thriller,1998,2009
"DeSanto, Tom",Finland:K-16,1998,1998
"DeSanto, Tom",Argentina:16,1998,1998
"Egoyan, Atom",Spain:13,1994,2002
"Patchett, Tom",USA:PG,1990,1990
"Williamson, Tom",Biography,1977,1977
"Tomey, Klara",Biography,2010,2010
"Gorai, Tom",Thriller,1999,2002
"Gorai, Tom",Finland:K-16,1999,1999
"Gorai, Tom",Chile:14,1999,1999
"Gorai, Tom",Spain:13,1999,1999
"Rosenberg, Tom",Thriller,1993,2014
"Rosenberg, Tom",Finland:K-16,1998,2012
"Rosenberg, Tom",Chile:14,1994,2006
"Lewis, Tom",USA:PG,2004,2009
"Lewis, Tom",Australia:PG,1951,2009
"Tomov, Evgeni",USA:PG,2011,2011
"Tomov, Evgeni",Portugal:M/6,2003,2011
"Tanaka, Tomoyuki",Australia:PG,1954,1995
"Hutchins, Tommy",Thriller,2011,2011
"Yi, Tom",Thriller,2013,2013
"Vaughan, Tom",Thriller,2002,2002
"Vaughan, Tom",USA:PG,2002,2002
"Parkinson, Tom",Thriller,2005,2005
"Parkinson, Tom",Argentina:16,2005,2005
"Woosley, Tom",Thriller,2005,2008
"Woosley, Tom",Argentina:16,2005,2005
"Silva, Tomás Pérez",Thriller,2011,2011
"Silva, Tomás Pérez",Argentina:16,2011,2011
"Atomic, Tonjia",Thriller,2009,2009
"Walls, Tom",Finland:K-16,1981,1985
"Walls, Tom",Spain:13,1984,1991
"Raycove, Tom",USA:PG,2012,2012
"Patricia, Tom",Biography,1997,2003
"Muldoon, Tom",Thriller,2000,2013
"Muldoon, Tom",Norway:15,2000,2003
"Muldoon, Tom",Argentina:16,2000,2003
"Muldoon, Tom",Chile:14,2000,2003
"Abernathy, Tom",Thriller,2013,2013
"Lisowski, Tom",Thriller,2003,2013
"Reed, Tom",USA:Passed,1937,1937
"Ogura, Tsutomu",Thriller,2008,2008
"Warren, Tommy G.",Thriller,2012,2012
"Weil, Tomás",Argentina:16,1985,1985
"Sporrong, Tommy",Thriller,2006,2006
"Milo, Tom",Thriller,1991,2010
"Luddy, Tom",Finland:K-16,1985,1988
"Ruegger, Tom",Thriller,1993,1993
"Ruegger, Tom",USA:PG,1993,1993
"Ruegger, Tom",Australia:PG,1993,1993
"Erwin, Tom",Australia:PG,2003,2003
"Young, Tom",Thriller,2007,2010
"Doherty, Tom",Thriller,2010,2011
"Hill, Tom",Thriller,2004,2004
"Eskilsson, Tomas",Spain:13,2002,2002
"Kana, Tomoko",USA:PG,2009,2009
"Costain, Tom",USA:PG,2008,2011
"Costain, Tom",Portugal:M/6,2008,2011
"Browngardt, Tom",Thriller,2010,2010
"Swartwout, Tom",Thriller,1999,2013
"Swartwout, Tom",Chile:14,1999,2007
"Swartwout, Tom",Argentina:16,2007,2007
"Wilson, Tom",Biography,2011,2011
"Hardart, Tom",Thriller,2007,2007
"Kerminen, Tomi",Thriller,2012,2012
"Bambard, Tom",Thriller,2010,2010
"Sarig, Tom",Portugal:M/6,2007,2007
"Sarig, Tom",Australia:PG,2007,2007
"Kommun, Tomelilla",Biography,2013,2013
"Församling, Tomelillabygdens",Biography,2013,2013
"Drezek, Tom",Thriller,2013,2013
"Muschamp, Tom",Thriller,2000,2003
"Malloy, Tom",Thriller,2008,2013
"Ancuta, Tomira",Finland:K-16,1959,1959
"Harper, Tommy",Biography,,
"Jacobson, Tom",Thriller,1984,2011
"Jacobson, Tom",Spain:13,2002,2002
"Tomlin, Herman",Thriller,1968,1970
"Tanaka, Tomoyuki",Thriller,1954,1984
"Toms, David",Thriller,2012,2012
"Pryor, Tom",Thriller,1979,1992
"Atoms, Maxwell",Australia:PG,2007,2007
"Laughlin, Tom",Finland:K-16,1971,1971
"Walls, Tom",Biography,1979,1998
"Reynolds, Tom",Thriller,2009,2009
"Parkin, Tom",Thriller,2012,2012
"McKnight, Tom",Thriller,1946,1946
"McKnight, Tom",Australia:PG,1946,1946
"McKnight, Tom",Finland:K-16,1946,1946
"Lancaster, Tom",Thriller,2013,2013
"Tomassi, Vincenzo",Thriller,1967,1989
"Southwell, Tom",Thriller,1998,2012
"Kingsley, Tom",Thriller,2011,2011
"Rolf, Tom",Thriller,1970,2002
"Rolf, Tom",Finland:K-16,1970,1997
"Rolf, Tom",Argentina:16,1980,1997
"Long, Tom",Thriller,2013,2013
"Krejci, Tomas",Thriller,2002,2002
"Krejci, Tomas",Argentina:16,2002,2002
"Oliver, Tommy",Thriller,2009,2009
"Sullivan, Tom",Thriller,1989,2007
"Yoda, Tom",Thriller,2008,2008
"Yoda, Tom",Argentina:16,2008,2008
"Yoda, Tom",Chile:14,2008,2008
"Ehrhardt, Tom",Thriller,2011,2011
"Younger, Tom",Finland:K-16,1957,1959
"Sjoberg, Tom",Thriller,1985,1985
"Tommasino, Tim",Thriller,1996,1997
"Thomas, Tom",Thriller,2012,2012
"Gioulos, Tom",Thriller,1979,1979
"Richardson, Tom",Thriller,2005,2005
"Sweeney, Tom",Thriller,2008,2008
"Rolf, Tom",Norway:15,1978,2002
"Meyer, Tom",Australia:PG,2002,2006
"Tomashevich, Ilya",Biography,2010,2010
"Broadbridge, Tom",Portugal:M/6,1983,1983
"Green, Tom",USA:PG,2005,2005
"Green, Tom",Australia:PG,2005,2005
"Crow, Tom",Biography,2004,2004
"Crow, Tom",USA:PG,2004,2004
"Crow, Tom",Australia:PG,2004,2004
"Toms, Dave",Thriller,1986,1986
"Brinson, Tom",USA:PG,1995,1995
"Sarnoff, Tom",USA:PG,1995,1995
"Wood, Tom",Argentina:16,2009,2009
"Hannam, Tom",Thriller,2000,2012
"Hannam, Tom",Argentina:16,2002,2002
"Weiss, Tom",Thriller,2011,2011
"Kijas, Tommy",Thriller,2007,2012
"McAdoo, Tom",Finland:K-16,1952,1962
"McAdoo, Tom",Australia:PG,1952,1964
"Conroy, Tom",Norway:15,2003,2005
"Conroy, Tom",Argentina:16,2003,2005
"Conroy, Tom",Spain:13,1999,2005
"Knight, Tom Benedict",Thriller,2013,2013
"Strnad, Tom",Thriller,2002,2013
"Cox, Tom",Chile:14,2005,2005
"Cox, Tom",Spain:13,2005,2005
"Cox, Tom",Argentina:16,2005,2005
"Duffield, Tom",Thriller,2002,2014
"Carelton, Tom",USA:PG,2006,2006
"Carleton, Tom",USA:PG,2006,2006
"Shadyac, Tom",Portugal:M/6,2003,2007
"Tomlin, Mattson",Thriller,2008,2013
"Tomczak, Wieslawa",Biography,1979,1979
"Remlov, Tom",Chile:14,1997,1997
"Moore, Tommy O.",Biography,2010,2010
"Drumm, Tom",Thriller,2010,2013
"Pavlic, Tomislav",Thriller,2002,2011
"Gidwitz, Tom",Biography,2012,2012
"Roberts, Tom",Biography,2011,2011
"Rumpf, Tom",Thriller,2011,2011
"Tomasini, George",Thriller,1953,1964
"Tomasini, George",Spain:13,1959,1962
"Tomasini, George",Finland:K-16,1947,1965
"Tomasini, George",Argentina:16,1960,1962
"Bowyer, Tom",Thriller,2003,2003
"Meyer, Tom",USA:PG,2004,2006
"Tomaszewski, Tiare",Thriller,2010,2010
"Lewis, Tom",Spain:13,1951,2000
"Lewis, Tom",Finland:K-16,1951,1951
"Honeysett, Tom",Biography,1996,1996
"Dercourt, Tom",Australia:PG,2003,2006
"Hanks, Tom",Biography,2007,2013
"Hanks, Tom",Spain:13,2007,2007
"Waller, Tom",Biography,2009,2014
"Mignemi, Tom",Thriller,2007,2007
"Mignemi, Tom",Argentina:16,2007,2007
"Hemmings, Tom",Thriller,2006,2010
"Ishikawa, Tomiyasu",Australia:PG,2004,2004
"Tanaka, Tomoyuki",USA:PG,1966,1993
"Ropelewski, Tom",Biography,2010,2010
"Sawyer, Richard Tom",Thriller,1991,1997
"Sawyer, Richard Tom",Spain:13,1991,1994
"Sawyer, Richard Tom",Chile:14,1991,1991
"McMillan, Tom",Thriller,2013,2013
"Nastos, Tom",Thriller,2010,2010
"Pollock, Tom",Thriller,2002,2009
"Pollock, Tom",Argentina:16,2000,2009
"Ford, Tom",Thriller,2009,2012
"Parker, Tom",Thriller,2001,2001
"Dixon, Tom",Thriller,2009,2009
"Jacobson, Tom",Chile:14,1989,1989
"Blomquist, Tom",USA:PG,2000,2000
"Harrington, Tommy",Thriller,2009,2009
"Paino, Tommaso",Thriller,2012,2012
"Ross, Tommy",USA:PG,2010,2010
"Kaminsky, Tomas",Biography,2011,2011
"Riordan, Tom",Thriller,2012,2012
"Sayer, Tom",Thriller,2004,2012
"Hanks, Tom",USA:PG,2002,2009
"Tomaric, Jason J.",Thriller,2005,2005
"Brown, Tom",Thriller,1995,2005
"Egoyan, Atom",Portugal:M/6,2001,2001
"Cole, Tom",Thriller,2010,2012
"Tykwer, Tom",Norway:15,2012,2012
"Tykwer, Tom",Finland:K-16,2012,2012
"Daly, Tom",Biography,1959,1980
"Todoroff, Tom",Biography,1994,2013
"Broadbridge, Tom",Thriller,1987,1989
"Wood, Tom",Thriller,2012,2012
"Berry, Tom",USA:PG,1987,2011
"Swanson, Tom",USA:PG,2005,2010
"Tome, Eric",Biography,2012,2012
"Folino, Tom",Thriller,1985,1985
"Tomassi, Vincenzo",Finland:K-16,1966,1989
"Hanks, Tom",Australia:PG,2002,2009
"Held, Tom",Finland:K-16,1932,1938
"Persons, Tom",USA:Passed,1931,1933
"Serret, Tomas",Thriller,2000,2003
"Baltazar, Tomás",Portugal:M/6,2008,2008
"Siiter, Tom",Biography,1996,1996
"Toma, David",Thriller,2002,2002
"Djokaj, Tom",Thriller,2009,2009
"Nunan, Tom",Norway:15,2004,2004
"Nunan, Tom",Argentina:16,2004,2004
"Tomayko, Andrew",Thriller,2008,2008
"Hamilton, Tom",Thriller,2011,2011
"Rolf, Tom",Biography,1982,2008
"Waller, Tom",Australia:PG,2009,2009
"Winterbottom, Elvis",Thriller,2013,2013
"Swartwout, Tom",Spain:13,1997,1999
"Sparks, Tom",Thriller,2012,2012
"Hoffie, Tom",Thriller,1999,2009
"Hoffie, Tom",Norway:15,2001,2001
"Tsuchikawa, Tsutomu",Thriller,1995,2002
"Maruo, Tomoyuki",Thriller,1997,2001
"Shull, Tommy",Thriller,2013,2013
"Morales, Tomás",Thriller,2006,2006
"Backström, Tomas",Biography,2000,2000
"Chang, Tommy",Thriller,2011,2011
"Altomonte, Richard",Biography,2010,2010
"Rolf, Tom",Chile:14,1992,1998
"Cheung, Tom",Thriller,2007,2008
"Meyer, Tommie",Biography,1969,1969
"Reid, Tommy",Biography,2009,2011
"Reid Jr., Tom",Biography,2009,2011
"Kelly, Tom",Thriller,2009,2013
"Fox, Tom",Thriller,1989,2004
"Merchant, Tom",Thriller,1987,1989
"Spiess, Tom",Spain:13,1997,1997
"Hornig, Tom",Thriller,2001,2013
"Spiess, Tom",Australia:PG,2003,2003
"Vögel, Tommy",USA:PG,2008,2008
"McNulty, Tom",Thriller,2010,2010
"Ryan, Tom",Thriller,2013,2013
"Nicholls, Tom",Thriller,2012,2012
"Parker, Tommy S.",Thriller,2009,2009
"Evans, Tom",Thriller,2004,2009
"Tsuchikawa, Tsutomu",Argentina:16,1999,1999
"Dingwall, Tommy",Thriller,2011,2011
"Rowe, Tom",Thriller,1991,2009
"Rowe, Tom",Finland:K-16,1991,1991
"Stedham, Tom",Thriller,2009,2009
"Ingram, Tom",Thriller,2011,2011
"Tominaga, Riuko",Thriller,2004,2004
"Reeve, Tom",Argentina:16,1994,2000
"Berry, Tom",Argentina:16,1994,2004
"Mureika, Tomas",Thriller,1994,2014
"Hilb, Tom",USA:PG,2008,2008
"Hart, Tom",Thriller,2008,2011
"Weistar, Tom",Biography,2011,2011
"Patricia, Tom",Thriller,1992,2006
"Priestley, Tom",Thriller,1967,1987
"Priestley, Tom",Argentina:16,1967,1987
"Priestley, Tom",Finland:K-16,1964,1984
"Almagor, Tomer",Thriller,2001,2001
"Tomter, Silje Berg",Biography,2010,2010
"Niessner, Tommy",Thriller,2012,2012
"Gabris, Tomas",Biography,2008,2008
"Gabris, Tomas",Norway:15,2008,2008
"Tomschik, Irene",Biography,1976,1976
"Tomschik, Irene",Finland:K-16,1951,1951
"Karr, Tom",Thriller,1974,1974
"Mott, Tom",Thriller,2006,2006
"Sotomayor, Gloria",Thriller,,
"González Sotomayor, Emilio",Thriller,,
"González Sotomayor, Guillermo",Thriller,,
"Feierabend, Tom",Biography,2009,2009
"McNulty, Tom",Argentina:16,2005,2005
"McNulty, Tom",Norway:15,2005,2005
"Blakeley, Tom",Norway:15,1965,1965
"Szafranski, Tomasz",Thriller,2005,2005
"Rosens, Tom",Thriller,2009,2009
"Bordone, Tommaso",Argentina:16,1993,1993
"Kroepels, Tommy",Thriller,2001,2001
"Vögel, Tommy",Thriller,2011,2011
"Tykwer, Tom",Thriller,1993,2004
"Clark, Tom",Thriller,2013,2013
"Pardew, Tom",USA:PG,1990,1990
"Tomari, Tsutomu",Thriller,2000,2000
"Tomari, Tsutomu",USA:PG,2000,2000
"Sternberg, Tom",Australia:PG,1985,1985
"Sternberg, Tom",USA:PG,1983,1985
"Sanders, Tom",Thriller,2005,2013
"Sanders, Tom",Argentina:16,2005,2005
"Sanders, Tom",Norway:15,2005,2005
"Ellis, Tom",Thriller,2012,2012
"Pollock, Tom",Norway:15,2002,2007
"Pollock, Tom",Chile:14,2007,2007
"Southwell, Tom",Norway:15,2004,2007
"Southwell, Tom",Chile:14,2004,2007
"Miller, Tom",Thriller,2011,2011
"Gould, Tom",Biography,1989,1989
"Proper, Tom",Spain:13,2002,2002
"Zasada, Tomasz",Thriller,2008,2008
"Tomlinson, Robert L.",Thriller,2012,2012
"Burghard, Tom",Biography,1980,1980
"Williams, Tom",Thriller,2010,2010
"Patchett, Tom",Thriller,1990,1994
"Gries, Tom",Finland:K-16,1953,1973
"Anzai, Tomio",Australia:PG,1993,1994
"Tomari, Tsutomu",Australia:PG,1994,1994
"Burton, Tom",Thriller,2003,2012
"Burton, Tom",Chile:14,2003,2003
"Burton, Tom",Argentina:16,2003,2003
"Wilson, Tom",Thriller,2011,2012
"Karnowski, Tom",Spain:13,1994,1994
"Karnowski, Tom",Australia:PG,1994,2001
"Thompson, Tommy",Norway:15,2000,2000
"Thompson, Tommy",Chile:14,2000,2000
"Tomassini-Buechner, Bogdan",Biography,2009,2009
"Okada, Tomoko",Thriller,2011,2011
"Wommer, Tom",Biography,2012,2012
"Shadyac, Tom",Thriller,2002,2002
"Minami, Tome",USA:PG,1990,1990
"Minami, Tome",Australia:PG,1990,1990
"Curtis, Tom",Thriller,1982,1984
"Curtis, Tom",Norway:15,1984,1984
"Curtis, Tom",Finland:K-16,1982,1984
"Cheung, Tom",USA:PG,2008,2011
"Walsh, Tom",USA:PG,2013,2013
"Evjen, Tomas",Norway:15,2009,2009
"Tomasso, Scott R.",Australia:PG,2004,2004
"Conroy, Tom",Chile:14,1999,1999
"Duffield, Tom",Biography,1994,1994
"Duffield, Tom",Chile:14,1994,2002
"Lynch, Tom",Thriller,2012,2012
"Swayne, Tom",Biography,2007,2007
"Gonzalez Montalvo, Tomás",Thriller,2012,2012
"Cimadevilla, Tomás",Spain:13,2002,2005
"Roca, Tom",Thriller,2004,2005
"Fiacchino, Tommaso",Australia:PG,2003,2003
"Cicuendez, Tomás",Australia:PG,1964,1964
"Della Corte, Tommaso",Thriller,1966,1966
"Waller, Tom",Thriller,2005,2013
"Waller, Tom",Argentina:16,2006,2011
"Martí, Tomás",Thriller,2006,2006
"Wardach, Tom",Biography,2010,2010
"Corwin, Tom",Biography,2007,2007
"Getty, Tom",Thriller,2010,2010
"Hostrup-Larsen, Tomas",Argentina:16,1989,1989
"Gatley, Tom",Thriller,2012,2012
"Walls, Tom",Thriller,1978,2012
"Walls, Tom",Norway:15,1981,1982
"Kuhn, Tom",Thriller,1995,2003
"Meadmore, Tom",Thriller,2013,2013
"Piper, Tom",Biography,2012,2012
"Rowe, Tom",USA:PG,1993,1994
"Rowe, Tom",Australia:PG,1993,1993
"Held, Tom",Argentina:16,1935,1935
"Simpson, Tom",Thriller,1952,1965
"Simpson, Tom",Finland:K-16,1952,1965
"Garrofe, Tomas",Thriller,1989,1989
"Calevi, Tommaso",Thriller,2004,2009
"Tomicic, Richard",Thriller,2013,2013
"Wier, Tommy",Biography,2008,2008
"Karnowski, Tom",Argentina:16,2004,2008
"Shadyac, Tom",USA:PG,2007,2007
"Hanks, Tom",Portugal:M/6,2007,2009
"Wells, Tom",Australia:PG,1988,1988
"Tombello, Allen",Thriller,1996,1996
"Pollock, Tom",Australia:PG,2001,2009
"Gatley, Tom",Biography,2010,2010
"Fulford, Tom",Portugal:M/6,2010,2010
"Egoyan, Atom",Finland:K-16,1994,1994
"Jacobson, Tom",USA:PG,1981,2000
"Altomare, Scott",USA:PG,2001,2001
"Altomare, Scott",Norway:15,2001,2001
"Altomare, Scott",Australia:PG,2001,2001
"Reeve, Tom",Norway:15,2001,2002
"Tomkins, Leslie",Thriller,1999,1999
"Tomkins, Leslie",Finland:K-16,1999,1999
"Mickel, Tom",Finland:K-16,1994,1994
"Park, Tom",Thriller,2000,2000
"Park, Tom",Spain:13,2000,2000
"McLoughlin, Tom",USA:PG,1997,1997
"McLoughlin, Tom",Portugal:M/6,1997,1997
"Thayer, Tom",Biography,2005,2012
"Tomko, John J.",Thriller,1993,1993
"Tomko, John J.",Finland:K-16,1993,1993
"Tomko, John J.",Argentina:16,1993,1993
"Kees, Tom",Thriller,2004,2004
"Rosenberg, Tom",Australia:PG,1994,2009
"Rosenberg, Tom",USA:PG,1994,2009
"Kruszewski, Tom",Thriller,2012,2012
"Cohen, Tomas Elio",Thriller,2011,2011
"Petska, Tom",Thriller,2003,2003
"Pastorelle, Tom",Thriller,2012,2012
"May, Tommee",Biography,2011,2011
"Flynn, Tom",Thriller,2013,2013
"Klein, Tom",Thriller,1992,1992
"Jacobson, Tom",Australia:PG,1986,1998
"Sayer, Tom",Argentina:16,2005,2007
"Jeffrey, Tom",Norway:15,1982,1982
"Linkiewicz, Tom",Thriller,2003,2007
"Patricia, Tom",Australia:PG,1991,2005
"Swartwout, Tom",Biography,2006,2006
"Thayer, Tom",Thriller,2002,2002
"Thayer, Tom",Argentina:16,2002,2002
"Donald, Tom",Thriller,2012,2012
"Lassally, Tom",Thriller,2005,2011
"Leeburn, Tom",Thriller,2004,2004
"Mulakupadam, Tommichan",Thriller,2007,2007
"Jacobson, Tom",Portugal:M/6,1983,1998
"Musca, Tom",USA:PG,1988,2000
"Coleman, Tom",USA:PG,1995,1995
"Coleman, Tom",Australia:PG,1995,1995
"Large, Tom",Thriller,2010,2010
"Luse, Tom",USA:PG,1995,1995
"Egoyan, Atom",Thriller,2003,2014
"Fiacchino, Tommaso",Thriller,,
"Williamson, Tom",Thriller,2010,2010
"Reeve, Tom",Chile:14,2000,2000
"Reeve, Tom",Finland:K-16,1996,2000
"Canning, Tom",Thriller,2008,2009
"Yacoe, Tommy",Biography,2011,2012
"Huckabee, Tom",Thriller,2001,2001
"Huckabee, Tom",Argentina:16,2001,2001
"Huckabee, Tom",Chile:14,2001,2001
"Ortenberg, Tom",Thriller,2001,2008
"Ortenberg, Tom",Argentina:16,2001,2008
"Ortenberg, Tom",Chile:14,2001,2007
"Capra, Tom",Biography,1997,1997
"Capra, Tom",USA:PG,1997,1997
"Torstensson, Tomas",Thriller,2008,2009
"Leetch, Tom",Portugal:M/6,1976,1976
"Leetch, Tom",Australia:PG,1976,1980
"Molito, Tom A.",USA:PG,1996,1996
"Gruenberg, Tom",Thriller,1981,1992
"Taylor, Tom",Chile:14,1991,1991
"Taylor, Tom",Spain:13,1991,1991
"Taylor, Tom",Australia:PG,1991,2001
"Tomassi, Vincenzo",USA:PG,1969,1979
"Tomassi, Vincenzo",Norway:15,1971,1984
"Zembrod, Tom",Thriller,2009,2012
"Hagio, Tomoki",Thriller,2005,2006
"Tokutome, Yoshiaki",Thriller,1980,1980
"Tokutome, Yoshiaki",USA:PG,1980,1980
"Tokutome, Yoshiaki",Australia:PG,1980,1980
"Perlmutter, Tom",USA:PG,2003,2003
"Rosenberg, Tom",Norway:15,2000,2009
"Tsuchikawa, Tsutomu",Australia:PG,1995,1996
"Yano, Tomohisa",Australia:PG,1968,1968
"Tomter, Tore",Biography,2010,2010
"Parker, Tom S.",Portugal:M/6,1994,1994
"Parker, Tom S.",Australia:PG,1994,1994
"Parker, Tom S.",USA:PG,1994,1994
"Cohen, Tom",Thriller,2011,2011
"Yanagimura, Tsutomu",Australia:PG,2006,2006
"Forest, Tommy",Spain:13,2008,2008
"Ortenberg, Tom",Biography,2003,2008
"Tommasini, Aldo",Finland:K-16,1959,1959
"Dusenbery, Tom",Biography,2010,2010
"Swartwout, Tom",Norway:15,1999,1999
"Kalin, Tom",Finland:K-16,1994,1994
"Walker, Tommy",USA:PG,2006,2006
"Motomochi, Masayuki",Thriller,1999,1999
"Motomochi, Masayuki",Finland:K-16,1999,1999
"Motomochi, Masayuki",Spain:13,1999,1999
"Oshima, Tomoyo",Thriller,1999,1999
"Oshima, Tomoyo",Finland:K-16,1983,1999
"Oshima, Tomoyo",Spain:13,1999,1999
"Stevens, Tom",Biography,1985,1985
"Tanaka, Tomoyuki",Spain:13,1954,1989
"Tomiyama, Shogo",Thriller,1999,2004
"Tomiyama, Shogo",USA:PG,1989,2003
"Tomiyama, Shogo",Australia:PG,1991,2003
"Tomiyama, Shogo",Spain:13,1989,1989
"Tomita, Isao",Thriller,1993,2001
"McCullagh, Tom",Spain:13,1998,2004
"Pevsner, Tom",Australia:PG,1977,1995
"Pevsner, Tom",Spain:13,1995,1995
"Robertson, Tom G.",USA:PG,1988,1988
"Fox, Tom",Biography,2007,2007
"Fox, Tom",Australia:PG,2007,2007
"Costain, Tom",Norway:15,2006,2006
"Luong, Tom",Thriller,2011,2011
"Clark, Tom",USA:PG,1977,1977
"Knight, Tom",Thriller,2012,2013
"Bragg, Tom",Biography,2012,2012
"Patterson, Tom",Biography,2012,2012
"Proper, Tom",Thriller,2007,2010
"Ortenberg, Tom",Spain:13,2005,2005
"Costain, Tom",Australia:PG,2010,2010
"Null, Tom",Spain:13,1999,1999
"Siiter, Tom",Spain:13,1999,1999
"Knoff, Tom",Biography,2013,2013
"Robinson, Tom",Thriller,2009,2009
"Wallace, Tommy Lee",Chile:14,1978,1978
"Wallace, Tommy Lee",Norway:15,1978,1978
"Winterbottom, Mike",Thriller,2007,2007
"Sands, Tom",Biography,2010,2013
"McArdle, Tom",Thriller,1994,1998
"Voth, Tomas",Biography,2014,2014
"McMahon, Tom",Biography,1995,1995
"Wontner, Tom",Thriller,2006,2006
"Pryor, Tom",Australia:PG,1996,1996
"Stovall, Tommy",Thriller,2005,2005
"McPhee, Tom",Thriller,2002,2002
"Maples, Tommy",Thriller,2007,2007
"Ishii, Tomohiko",USA:PG,2004,2004
"Ishii, Tomohiko",Australia:PG,2004,2004
"Ishii, Tomohiko",Portugal:M/6,2004,2004
"Scherma, Tommy",Thriller,2010,2010
"Bresnahan, Tom",Thriller,1995,1995
"Moore, Tom",Biography,2001,2001
"Benko, Tom",USA:PG,1980,1985
"McCown, Tom",Australia:PG,1989,1989
"McCown, Tom",USA:PG,1989,1989
"Rolf, Tom",Spain:13,1976,1995
"Tomek, Erich",Finland:K-16,1967,1967
"Stern, Tom",Finland:K-16,1969,1969
"Tomlinson, Lionel",USA:Passed,1939,1939
"Naparst, Tom",Thriller,2009,2009
"Folino, Tom",Australia:PG,1987,1987
"Folino, Tom",USA:PG,1987,1987
"Gries, Tom",Thriller,1973,1976
"Lassally, Tom",USA:PG,2008,2008
"Finan, Tom",Portugal:M/6,1990,2007
"Amlöv, Tomas",Thriller,2014,2016
"Bradshaw, Tom",Thriller,1993,1993
"Siiter, Tom",Australia:PG,1991,1991
"Siiter, Tom",USA:PG,1991,1991
"Tomlinson, Bunee",Thriller,2010,2010
"Hoffie, Tom",USA:PG,2001,2013
"Hoffie, Tom",Australia:PG,2001,2001
"Pollock, Tom",Biography,2012,2012
"Dannon, Tom",Biography,2001,2001
"Imade, Tomoko",Thriller,2009,2009
"Ortino, Tommaso",Biography,2010,2010
"Griffin, Tom",Biography,2010,2010
"Sanders, Tom",USA:PG,2008,2012
"Sanders, Tom",Portugal:M/6,2006,2011
"Mankiewicz, Tom",Portugal:M/6,1987,1987
"Pollock, Tom",Portugal:M/6,2009,2009
"Pollock, Tom",USA:PG,2009,2009
"McDermott, Tom",Thriller,1982,1982
"McDermott, Tom",Norway:15,1982,1982
"Stevens, Tom",Thriller,1975,1982
"Stevens, Tom",Norway:15,1982,1982
"Tomlinson, Sian",Thriller,2012,2012
"Tomasini, George",Biography,1953,1953
"Aagaard, Tom",Thriller,2006,2006
"Williams, Tom",Portugal:M/6,2006,2008
"Williams, Tom",Australia:PG,2006,2006
"Williams, Tom",USA:PG,2006,2012
"Tomasetti, Amanda",Thriller,2010,2010
"Huffine, Tom",Biography,1999,1999
"Clark, Tom",Biography,2012,2012
"Delfino, Tom",Thriller,2006,2006
"Tome, Nick",Thriller,2013,2013
"Cunningham, Tom",Thriller,2013,2013
"Corwine, Tom",Thriller,2013,2013
"Boulding, Tommy",Thriller,2013,2013
"Roca, Tom",Biography,2006,2006
"Morningstar, Tom",Thriller,2008,2008
"Gores, Tom",Thriller,2007,2007
"Gores, Tom",Argentina:16,2005,2007
"Shadyac, Tom",Australia:PG,2000,2007
"Kalin, Tom",Biography,1992,1996
"Lever, Tom",Thriller,2011,2011
"Metz III, Tom",Thriller,2005,2005
"Cadawas, Tom",Thriller,2002,2002
"Hern, Tom",Thriller,2009,2009
"Heycock, Tom",Thriller,2013,2013
"Thompson, Tommy",Finland:K-16,1972,1972
"Thompson, Tommy",Argentina:16,1972,1972
"Turtle, Tommy",Argentina:16,2011,2011
"Foden, Tom",Argentina:16,1998,2011
"Stern, Tom",Norway:15,1998,1998
"Andrews, Tom",Biography,1990,1990
"Luse, Tom",Thriller,1991,2012
"Newth, Tom von Logue",Thriller,2011,2011
"Tomassi, Vincenzo",Portugal:M/6,1975,1982
"Maguire, Tom",Thriller,2003,2011
"Schulman, Tom",Argentina:16,1993,2000
"Schulman, Tom",Spain:13,1993,2000
"Yoda, Tom",Australia:PG,2001,2001
"Sawyer, Richard Tom",Finland:K-16,1992,1996
"Sawyer, Richard Tom",Argentina:16,1985,1992
"Sawyer, Richard Tom",Norway:15,1990,1992
"Gallone, Tommaso",Thriller,2010,2010
"Patricia, Tom",Argentina:16,1991,1997
"Neidermeyer, Tom",Thriller,1999,1999
"Conroy, Tom",Thriller,2003,2003
"Pellegrini, Tom",Thriller,1999,2003
"Pellegrini, Tom",Norway:15,2003,2003
"Burke, Tommy",Thriller,2003,2003
"Burke, Tommy",Norway:15,2003,2003
"Emoto, Kazutomo",Thriller,2006,2006
"Konvicka, Tomás",Thriller,2013,2013
"Priestley, Tom",Biography,1968,1968
"Utomo, Artine",Thriller,2005,2005
"Finan, Tom",USA:PG,1989,2007
"Sachs, Tom",Australia:PG,1967,1979
"Cruise, Tom",Thriller,1996,2015
"Cruise, Tom",Argentina:16,2001,2012
"Cruise, Tom",Norway:15,1996,2012
"Harper, Tommy",Thriller,2011,2013
"Payne, Tom",Biography,2013,2013
"Gaudiano, Tommaso",Thriller,2005,2005
"Matyjaszkiewicz, Tomira",Biography,1971,1976
"Fredrick, Tom",Biography,2013,2013
"Wiggans, Tom",Biography,2013,2013
"Luse, Tom",Spain:13,2001,2003
"Luse, Tom",Norway:15,2001,2003
"Rasmussen, Tom",USA:PG,1978,1978
"Rasmussen, Tom",Norway:15,1978,1978
"Selleck, Tom",Portugal:M/6,2007,2007
"Sugita, Tsutomu",Thriller,1999,1999
"Pelligrini, Tom",USA:PG,2011,2011
"Tomida, Toshiie",Thriller,2001,2005
"Tomida, Toshiie",Argentina:16,2001,2001
"Wigand, Tomy",USA:PG,1985,1985
"Thurman, Tom",Biography,2002,2008
"Tryon, Tom",Finland:K-16,1971,1971
"Tryon, Tom",USA:PG,1971,1972
"Lewis, Tom",Thriller,1996,2010
"Meyer, Tom",Thriller,2009,2010
"Fukuda, Tomio",Thriller,1973,1976
"Udell, Tom",USA:PG,1989,1989
"Fontana, Tom",Biography,2004,2010
"Tomasetti, Denise",Thriller,2012,2012
"Weir, Tom L.",Biography,2012,2012
"Machida, Tomoko",Argentina:16,2010,2010
"Tanaka, Tomoyuki",Chile:14,1980,1980
"Browne, Tom",Thriller,1999,1999
"McMurtry, Tom",Australia:PG,1994,1996
"McMurtry, Tom",USA:PG,1994,1996
"Kida, Tomoko",Australia:PG,1984,1984
"Kida, Tomoko",USA:PG,1984,1984
"Tomasso, Scott R.",Biography,2011,2011
"Brown, Tom",Argentina:16,2000,2000
"Taylor, Tom",USA:PG,2001,2001
"Wirkola, Tommy",Norway:15,2007,2007
"Liberto, Tommy",Thriller,2009,2009
"Reid Jr., Tom",Thriller,2011,2011
"Reid Jr., Tom",Argentina:16,2011,2011
"Reid Jr., Tom",Norway:15,2011,2011
"Reid, Tommy",Thriller,2011,2011
"Reid, Tommy",Argentina:16,2011,2011
"Reid, Tommy",Norway:15,2011,2011
"Tomzynski, Danuta",Thriller,2008,2008
"Tompkins, Matthew",Thriller,2006,2013
"Holland, Tom",Thriller,2013,2014
"Antos, Tom",Thriller,2012,2012
"Gandy, Tom",Biography,2012,2012
"Oesch, Tom",Australia:PG,2007,2007
"Keenan, Tom",Biography,2008,2008
"Luddy, Tom",USA:PG,1987,1989
"Odake, Satomi",USA:PG,2011,2011
"Odake, Satomi",Australia:PG,2011,2011
"Odake, Satomi",Portugal:M/6,2011,2011
"Carouso, Tom",Spain:13,1997,1997
"Wells, Tom",USA:PG,1989,1989
"Jolevski, Tome",Biography,1986,1986
"Rugevicius, Tomas",Biography,2011,2011
"Marol, Tomaz",Thriller,1993,1993
"Sutomo, Oki",Thriller,2009,2009
"Karczewski, Tomasz",Thriller,2003,2003
"Takano, Tsutomu",Thriller,2006,2006
"Wakayama, Tomisaburô",Thriller,1973,1973
"Koranda, Tom",Spain:13,2002,2002
"Tomita, Jiro",Thriller,1964,1968
"Nagasaka, Tomoki",Thriller,2007,2007
"Colbourne, Tom",Portugal:M/6,2011,2011
"Ishikawa, Tomoko",Biography,2011,2011
"Tomsova, Jana",Argentina:16,2000,2000
"Polgár, Tommy",Thriller,1977,1977
"Ishii, Tomohiko",Thriller,2011,2011
"Aponte, Tomax",Thriller,2008,2009
"Santomarco, Massimo",Spain:13,2002,2002
"Arrighi, Tommaso",Thriller,2012,2012
"Winther, Tom",Spain:13,1994,1994
"Austin, Tom",Biography,2009,2009
"Sotomayor Martinez, Miguel",Thriller,1965,1965
"de Toma, Alice",Biography,2012,2012
"Dercourt, Tom",Thriller,2005,2013
"Gries, Tom",USA:PG,1973,1973
"Knust, Tom",Biography,2006,2006
"Perica, Tom",Thriller,2009,2009
"Zuber, Tom",Thriller,2001,2001
"Roca, Tom",Spain:13,2004,2004
"Cimadevilla, Tomás",Chile:14,1999,1999
"McDermott, Tom",Portugal:M/6,1978,1978
"Wong, Tommy",Thriller,2008,2008
"Bowyer, Tom",Spain:13,2000,2000
"Grieves, Tom",Thriller,2004,2005
"Garrett, Tom",Australia:PG,1988,2000
"Barito, Tom",Thriller,2011,2011
"Hardwidge, Tom",Thriller,2005,2005
"Garrett, Tom",Biography,2009,2009
"Tomov, Evgeni",Australia:PG,2003,2003
"Werner, Tom",Argentina:16,2006,2007
"Logan, Tom",Biography,1988,2012
"Bertling, Tom",Thriller,2009,2009
"Tom, Lisa",Thriller,2012,2012
"Girdwood, Tom",Thriller,2013,2013
"Stubbs, Tom",Biography,2009,2009
"McPhillips, Tom",Australia:PG,2004,2004
"Tomita, Kevin",Thriller,2012,2012
"Soper, Tom",Thriller,2006,2006
"Dean, Tomlinson",Biography,1987,1995
"Eliasson, Tom",Australia:PG,1989,1989
"Eliasson, Tom",USA:PG,1989,1989
"Kytö, Tomi",Thriller,2012,2012
"Rolf, Tom",USA:PG,1970,1988
"Rolf, Tom",Australia:PG,1965,1992
"Hemmings, Tom",Norway:15,2006,2006
"Radford, Tom",Biography,1986,2011
"Tomaszewska, A",Thriller,2012,2012
"Sternberg, Tom",Thriller,1997,2013
"Tangen, Tom",Thriller,2001,2012
"Ikeda, Tomoki",USA:PG,1995,1995
"Cabral, Tomas",Thriller,2013,2013
"Malloy, Tom",Australia:PG,2009,2009
"Biggart, Tom",USA:Passed,1939,1946
"Mandalay, Tommy Toots",Biography,2012,2012
"Hodgson, Tom",Thriller,2012,2012
"Almgren, Tomas",Thriller,2006,2006
"Kolinski, Tom",Thriller,2007,2007
"Ropelewski, Tom",Argentina:16,1989,1989
"Biernawski, Wojciech Tomasz",Thriller,2003,2003
"Walls, Tom",USA:PG,1980,1993
"Alfredson, Tomas",Spain:13,2008,2008
"Alfredson, Tomas",Norway:15,2008,2008
"Alfredson, Tomas",Argentina:16,2008,2008
"Walls, Tom",Australia:PG,1980,1993
"Walls, Tom",Portugal:M/6,1988,1988
"Proper, Tom",Argentina:16,2007,2010
"Proper, Tom",Chile:14,2007,2010
"Kleewein, Tom",Biography,2013,2013
"Fox, Tom",Norway:15,2004,2004
"Tuikkala, Tomi",Thriller,1998,1998
"Cimadevilla, Tomás",Australia:PG,2009,2009
"Scillama, Tomas",Thriller,2013,2013
"Tolla, Tomi",Thriller,2012,2012
"Woodall, Tom",Thriller,2008,2008
"Earnhart, Tom",Thriller,1987,1987
"Luddy, Tom",Norway:15,1988,1988
"Weir, Tommy",Thriller,2001,2001
"Tomson, Delphine",Biography,2013,2013
"Tomeo, Roberto",Thriller,2013,2013
"Gilhooley, Tom",Thriller,1992,1992
"Berry, Tom",Finland:K-16,1993,1997
"Shell, Tom",USA:PG,2008,2008
"Dey, Tom",Australia:PG,2010,2010
"Dey, Tom",USA:PG,2010,2010
"Tomasini, George",USA:PG,1954,1964
"Tomasini, George",Norway:15,1960,1964
"Putnam, Tom",Biography,2003,2010
"Wild, Tom",Australia:PG,2009,2009
"Hardart, Tom",Australia:PG,2009,2009
"Timm, Tomi",Thriller,2010,2010
"Iwering, Tommy",Thriller,1985,1988
"Iwering, Tommy",Argentina:16,1985,1985
"Foden, Tom",Thriller,1998,2004
"Foden, Tom",Norway:15,1998,2004
"Foden, Tom",Chile:14,2003,2003
"Toro, Tom",Thriller,2007,2007
"Perna, Tommy",Biography,2003,2003
"McDermott, Tom",USA:PG,1982,1982
"Arnold, Tom",Spain:13,1997,1997
"Arnold, Tom",USA:PG,1997,1997
"Schulman, Tom",Norway:15,2000,2000
"Younger, Tom",Thriller,1959,1959
"Lodewyck, Tom",Thriller,2011,2011
"Ôtomo, Katsuhiro",Australia:PG,1995,1995
"Cannon, Tommy",Thriller,2007,2007
"Spiess, Tom",Thriller,1998,1998
"Fulford, Tom",Biography,2007,2007
"Rooker, Tom",Chile:14,1995,1999
"Rooker, Tom",Spain:13,1997,1999
"Burstall, Tom",Finland:K-16,1983,1983
"Hostrup-Larsen, Tomas",Thriller,2003,2003
"Morrill, Tom",USA:PG,2005,2011
"Grgicevic, Tomi",Biography,2011,2011
"Katomeris, Giannis",Biography,2009,2010
"Brisley, Tom",Australia:PG,2009,2009
"Parsons, Tom",Australia:PG,2009,2009
"Turtle, Tommy",USA:PG,2012,2012
"Turtle, Tommy",Portugal:M/6,2012,2012
"Foden, Tom",USA:PG,2012,2012
"Foden, Tom",Portugal:M/6,2012,2012
"Luddy, Tom",Biography,1985,1985
"Oshima, Tomoyo",Biography,1985,1985
"Herington, Tom",Biography,2010,2012
"Cruise, Tom",Spain:13,1996,2003
"Harper, Tommy",Norway:15,2011,2011
"Cruise, Tom",Finland:K-16,2000,2000
"Tomita, Nobuko",Biography,2005,2005
"Maruo, Tomoyuki",Norway:15,2000,2000
"Vergallo, Tommaso",Australia:PG,2004,2004
"Wigand, Tomy",Thriller,1990,1990
"Oldham, Tom",Australia:PG,2009,2009
"Walls, Tom",Argentina:16,1991,1991
"Tanaka, Tomoyuki",USA:Passed,1961,1961
"Mankiewicz, Tom",USA:PG,1976,1976
"Mankiewicz, Tom",Australia:PG,1976,1976
"Gitomer, Andrew",Thriller,2009,2009
"Craig, Tom",Thriller,2003,2003
"Massmann, Tom",USA:PG,2005,2005
"Gracey, Tom",Thriller,2011,2011
"Shaw, Tom",Australia:PG,1969,1988
"Shaw, Tom",USA:PG,1988,1988
"Tomlinson, Alan",Biography,2008,2008
"Swale, Tom",Thriller,1997,1997
"MacLeod, Tom",Biography,2012,2012
"Reeve, Tom",USA:PG,1989,1991
"Tomassi, Vincenzo",Argentina:16,1984,1984
"Kurek, Tomasz",Thriller,2013,2013
"Nunan, Tom",Australia:PG,2009,2009
"Luddy, Tom",Chile:14,1995,1995
"Luddy, Tom",Spain:13,1995,1995
"Pauer, Tom",Biography,2013,2013
"Bliese, Tom",Biography,2010,2010
"Imamura, Tsutomu",Thriller,1995,2005
"Hoffman, Tomás",Thriller,2008,2011
"Mountain, Tom",Thriller,2008,2008
"Donohue, Tom",Portugal:M/6,2007,2007
"Voth, Tomas",Thriller,2010,2012
"Willey, Tom",Thriller,1995,1995
"Willey, Tom",Norway:15,1995,1995
"Gorai, Tom",Argentina:16,2002,2002
"Campbell, Tom",Thriller,2009,2009
"Marksbury, Tom",Biography,2008,2008
"Leetch, Tom",USA:PG,1980,1982
"Blakeley, Tom",Thriller,1962,1967
"Kennedy, Tom",Thriller,1972,1972
"Kennedy, Tom",Argentina:16,1972,1972
"Mason, Tom",Australia:PG,1959,1959
"Dubensky, Tom",Chile:14,1990,1990
"Siiter, Tom",Thriller,1987,1987
"Varenchick, Tom",Biography,2006,2006
"Varenchick, Tom",Thriller,2006,2006
"Dolan, Tom",Biography,2006,2006
"Dolan, Tom",Thriller,2006,2007
"Joerin, Tom",Thriller,1998,1999
"Motomura, Takeshi",Australia:PG,1987,1987
"Tang, Tomas",Spain:13,1985,1985
"Coffman, Tom",Biography,2009,2009
"Sylla, Tom",Thriller,2003,2003
"van Den Broek, Tom",Thriller,2011,2011
"Soulanille, Tom",Thriller,2007,2007
"Daly, Tom",Finland:K-16,1964,1964
"Caroni, Tommaso",Thriller,2009,2009
"Todoroff, Tom",Finland:K-16,2000,2000
"Tomasini, George",Australia:PG,1954,1963
"Tomasini, George",Chile:14,1954,1963
"Romero, Tomás",Thriller,2009,2009
"Takei, Tom",Thriller,2009,2010
"Tom, Nancy",Biography,2005,2005
"Shadyac, Tom",Spain:13,2000,2000
"Tucker, Tom",Thriller,2001,2001
"Tucker, Tom",Argentina:16,2001,2001
"Kelly, Tom J.",Thriller,2011,2011
"Cruz, Tomás",Thriller,1993,1993
"Tomàs, Eloi",Biography,2010,2010
"Zapata, Tomás",Spain:13,1996,1996
"Carouso, Tom",Thriller,1997,1997
"Carouso, Tom",Argentina:16,1997,1997
"Tomita, Fumio",Thriller,1967,1967
"Rehorek, Tomás",Thriller,2009,2009
"Tomalka, Sandra",Thriller,2011,2011
"Lewis, Tom",Portugal:M/6,1998,2009
"Jenz, Tom",USA:PG,1990,1990
"Gorai, Tom",Biography,2010,2010
"Fortuna, Tom",Thriller,1993,1996
"Reeve, Tom",Biography,1991,1991
"Peirce, Tom",Biography,2008,2008
"Vogel, Tom",Thriller,2008,2012
"Daly, Tom",USA:PG,1977,1977
"Quinn, Tom",Thriller,2008,2013
"Quinn, Tom",Norway:15,2013,2013
"Clancy, Tom",Thriller,1995,2002
"Clancy, Tom",Norway:15,1995,2002
"Cornwell, Tom",Finland:K-16,1976,1977
"Cornwell, Tom",Australia:PG,1977,1977
"Ramirez, Tomas",Thriller,2013,2013
"Proctor, Tom",Thriller,2006,2013
"Meyer, Tom",Argentina:16,2009,2009
"Meyer, Tom",Norway:15,2009,2009
"De Matteis, Toma",Thriller,2009,2009
"Priestley, Tom",Norway:15,1967,1967
"Biggart, Tom",Biography,1946,1946
"Shepard, Tom",Biography,2012,2012
"Oliver, Tom",Biography,2010,2010
"Goetz, Tommy",USA:PG,1988,1988
"Gorai, Tom",Australia:PG,2006,2006
"Gould, Tom",Thriller,2006,2010
"Ortino, Tommaso",Thriller,2007,2007
"Shaw, Tom",Spain:13,1969,1969
"Molito, Tom A.",Thriller,1994,1997
"O'Rourke, Tommy",USA:PG,2005,2005
"Spiroff, Tom",Australia:PG,2000,2000
"Spiroff, Tom",USA:PG,2000,2001
"Asina, Tom",USA:PG,2005,2005
"Ipsen, Tommy",Thriller,2009,2009
"Rugevicius, Tomas",Thriller,2009,2009
"Byrnes, Tom",Thriller,1988,1988
"Smith, Tom",Thriller,2013,2013
"Shadyac, Tom",Biography,1998,1998
"Shadyac, Tom",Chile:14,1998,1998
"Peltomäki, Juha",Thriller,2011,2011
"Bicknell, Tom",Thriller,2011,2011
"Dazzi, Tommaso",Thriller,1977,1977
"Zapata, Tomás",Thriller,2004,2004
"Zapata, Tomás",Argentina:16,2004,2004
"Parkhouse, Tom",Thriller,2010,2010
"Basham, Tom",Thriller,2004,2004
"Finan, Tom",Finland:K-16,1992,1992
"Finan, Tom",Chile:14,1992,1992
"Harberd, Tom",Thriller,2010,2010
"Engelman, Tom",Argentina:16,2000,2000
"Engelman, Tom",Spain:13,1994,2003
"Engelman, Tom",Norway:15,1994,2004
"Engelman, Tom",Finland:K-16,1994,2000
"McGah, Tom",Thriller,2006,2006
"Cook, Tommy",USA:PG,1977,1979
"Anthony, Tom",Thriller,2000,2000
"Demos, Tommy",Thriller,2012,2012
"Igarashi, Tomoyuki",Portugal:M/6,1998,1998
"Kucera, Tomás",Thriller,2012,2012
"Luddy, Tom",Australia:PG,1988,1988
"Matyjaszkiewicz, Tomira",Thriller,1969,1969
"Jacobson, Tom",Biography,2011,2011
"Heller, Tom",Spain:13,2009,2009
"Heller, Tom",Norway:15,2009,2009
"Joyner, Tom",Thriller,1990,1990
"Joyner, Tom",Chile:14,1990,1997
"Joyner, Tom",Argentina:16,1990,1990
"Joyner, Tom",Finland:K-16,1990,1990
"Proper, Tom",Norway:15,2010,2010
"Finan, Tom",Australia:PG,1989,2007
"Cressey, Tom",Thriller,2011,2011
"Hillery, Tom",Thriller,2009,2009
"Matthies, Tom",Thriller,2009,2009
"Wiley, Tom",USA:PG,2010,2010
"Foden, Tom",Spain:13,1998,1998
"Frigstad, Tomas",Thriller,2013,2013
"Jacomb, Tom",USA:PG,2011,2012
"Jacomb, Tom",Australia:PG,2008,2012
"Jacomb, Tom",Portugal:M/6,2005,2012
"Dabala, Tommaso",Thriller,2006,2006
"Dabala, Tommaso",Norway:15,2006,2006
"Tommasi, Paolo",USA:PG,1965,1965
"Norwood, Tom",Thriller,2002,2013
"Norwood, Tom",USA:PG,1997,2002
"Farrell, Tom",Thriller,2012,2012
"de Mol, Tom",Thriller,2012,2012
"Ishikawa, Tomiyasu",Thriller,2004,2004
"Di Tommaso, Victor",Thriller,2011,2011
"Hubbard, Tom",Finland:K-16,1957,1957
"Sakurai, Tsutomu",Thriller,2009,2009
"Miyagawa, Tomoyuki",Thriller,2010,2010
"Tomaz, Clara",Biography,2010,2010
"Noonan, Tom",Thriller,1991,1994
"Conigliaro, Tom",Thriller,2011,2012
"Swanson, Tom",Biography,2012,2012
"Lynch, Tommy",Thriller,2010,2010
"Sherak, Tom",Argentina:16,2005,2005
"Tomassacci, Giuliano",Thriller,2011,2011
"Tomchuk, Justin",Biography,2013,2013
"Nash, Tom",Thriller,2012,2012
"Winterbottom, Michael",Thriller,1998,1998
"Palmer, Tom",Biography,2009,2009
"Selleck, Tom",Thriller,1990,2005
"Spezialy, Tom",Thriller,2013,2013
"Tomlinson, Sharon",Thriller,2012,2012
"Lipgot, Tomás",Biography,2010,2012
"Tompkins, Deborah",Biography,2009,2009
"Tompkins, Paul",Biography,2009,2009
"Raycove, Tom",Thriller,2004,2004
"Steinmetz, Tom",Thriller,1995,1995
"Harvey, Tom",Thriller,2011,2012
"Toth, Tom",Biography,2003,2003
"Pollock, Tom",Spain:13,2000,2000
"D'Antoni, Tom",Biography,2013,2013
"Acosta, Tom",Portugal:M/6,1970,1973
"Rothman, Tom",Thriller,,
"Root, Tom",Australia:PG,2008,2008
"von Badinski, Tom",Biography,2009,2009
"Cook, Tommy",Thriller,1977,2010
"Cook, Tommy",Finland:K-16,1977,1977
"Wright Jr., Tom",Thriller,1993,2014
"Tomasi, Frank",Australia:PG,2010,2010
"Benz, Tom",Australia:PG,2002,2002
"Armstrong, Tom",Thriller,2009,2009
"Tomborello, Paul",Thriller,2013,2013
"Sherren, Tom",Argentina:16,2002,2002
"Sherren, Tom",Spain:13,2002,2002
"Rosenberg, Tom",Portugal:M/6,1999,2006
"Tomko, Sara",Thriller,2011,2011
"Gleisner, Tom",Australia:PG,2004,2004
"Crutze, Tomas",Thriller,2003,2003
"Valente, Tommaso",Biography,2012,2012
"Limbrick, Tommy",Thriller,2011,2011
"Pryor, Tom",Norway:15,1979,1979
"Pryor, Tom",Finland:K-16,1979,1979
"Pryor, Tom",USA:PG,1979,1979
"Sanjô, Tomoki",Thriller,2009,2009
"Held, Tom",Australia:PG,1936,1938
"Cox, Tom",USA:PG,2004,2006
"Kishikawa, Tomo",Thriller,1997,1997
"Hôjô, Tomoko",Thriller,1996,1997
"Ashton, Tom",Thriller,2012,2012
"Tomas Coromines, Marta",Biography,2012,2012
"Voth, Tomas",Norway:15,2012,2012
"Spiroff, Tom",Thriller,2004,2004
"Tanaka, Tomoyuki",Norway:15,1984,1984
"Lewis, Tom",Norway:15,2000,2009
"Kratz, Tom",Thriller,2004,2004
"Keniston, Tom",USA:PG,2010,2010
"Berry, Tom",Spain:13,1995,1995
"Hannam, Tom",Norway:15,2000,2000
"Malloy, Tom",USA:Passed,1932,1943
"Mittlestadt, Tom",Portugal:M/6,2007,2007
"Barrett, Tom",Australia:PG,1992,1992
"Bell, Tommy",Biography,2005,2005
"Moore, Tom",Thriller,2010,2010
"Shanan, Tom",Thriller,2012,2012
"Tominaga, Riuko",Biography,2001,2001
"Hiruta, Tomoko",Thriller,1996,1996
"Brown, Tom",Norway:15,2001,2001
"Braidwood, Tom",Thriller,2009,2009
"Reilly, Tom",Thriller,2011,2012
"Tomoroga, Cosmin",Thriller,2012,2012
"Cosmin, Tomoroga",Thriller,2012,2012
"Lynch, Tommy",USA:PG,1997,1997
"Lynch, Tommy",Australia:PG,1996,1997
"Fleming, Tom",Thriller,2012,2012
"Tomko, Larisa",Thriller,2001,2001
"Teng, Tom",Thriller,2007,2007
"Heymann, Tomer",Biography,2011,2012
"Seid, Tom",Thriller,1999,1999
"Seid, Tom",Australia:PG,1999,1999
"Seid, Tom",USA:PG,1999,1999
"Sykes, Tom",Thriller,2007,2007
"Díaz, Tomás X.",Thriller,2009,2009
"Proper, Tom",Australia:PG,2009,2011
"Proper, Tom",USA:PG,2009,2011
"Fontana, Tom",Thriller,1996,2001
"O'Leary, Tom",Thriller,2009,2010
"Forsström, Tom",Biography,2003,2003
"Xiengsouvanh, Tom",Thriller,2011,2011
"Colarusso, Tom",Thriller,2012,2012
"Poehlmann, Tom",USA:PG,2009,2009
"Stovall, Tom",Biography,1983,1983
"Stovall, Tom",Thriller,1983,1983
"Shrapnel, Tom",Biography,2011,2011
"Ranney, Tom",Thriller,2008,2008
"Molito, Tom A.",Australia:PG,1994,1994
"Coene, Tom",Thriller,1979,1979
"Koranda, Tom",Thriller,1989,1989
"Phillips, Tommy",Thriller,2014,2014
"Poster, Tom",Thriller,1992,1992
"Hayes, Tom",Biography,2013,2013
"Amato, Tommy",USA:PG,1978,1978
"Steeber, Tom",Thriller,2011,2011
"Bollingmo, Tomas",Thriller,2009,2009
"Bollingmo, Tomas",Norway:15,2009,2009
"Cudworth, Tom",Thriller,2008,2008
"Tomasik, Emily",Thriller,2013,2013
"Ford, Tom",Biography,2010,2010
"Krause, Tom",USA:PG,2010,2010
"Rich, Tom",Biography,2013,2013
"Tataranowicz, Tom",USA:PG,2005,2005
"Charley, Tom",Thriller,2011,2011
"Tomlinson, Ian",Thriller,2005,2005
"Worth, Tom",Thriller,2011,2011
"Rooker, Tom",Australia:PG,2000,2000
"Escovar, Tom",Thriller,2012,2012
"Grimshaw, Tom",Thriller,2010,2010
"Metcalf, Tom",Thriller,2011,2011
"Lewis, Tom",Argentina:16,2009,2009
"Proper, Tom",Portugal:M/6,2011,2011
"Seiler, Tom",Thriller,2000,2000
"Musca, Tom",Australia:PG,1988,1988
"Musca, Tom",Argentina:16,1988,1988
"Whelan, Tom",Thriller,2012,2012
"Breitling, Tom",Argentina:16,2005,2005
"Putnam, Tom",Thriller,1996,1996
"Lassally, Tom",Norway:15,2005,2005
"Yellin, Tom",Australia:PG,2007,2007
"Yellin, Tom",USA:PG,2007,2007
"Golden, Tommy",Thriller,2012,2012
"Vach, Tomas",Thriller,2008,2008
"Selleck, Tom",Argentina:16,2005,2005
"Sayer, Tom",USA:PG,2008,2008
"Wright, Tomica",Biography,2013,2013
"Anderson, Tom",Thriller,1996,1996
"Tomioka, Hideyuki",Thriller,2004,2004
"Tomioka, Hideyuki",Australia:PG,2004,2004
"Tomkevich, Petr",Thriller,2012,2012
"Cohan, Tom",Thriller,2011,2011
"Gormley, Tommy",Thriller,2011,2011
"Tomlinson, Scott",Thriller,2008,2008
"Tomoki, Kimura",Biography,2010,2010
"Kawasaki, Tomoko",Australia:PG,1995,1995
"Tominson, Alex",Thriller,2013,2013
"Harlan, Tom",Thriller,2007,2007
"John, Tom H.",Biography,1976,1976
"John, Tom H.",Finland:K-16,1976,1976
"Tomo, Zoe",Thriller,2009,2009
"Tsuruoka, Tomoyuki",Thriller,1999,1999
"Shimomura, Tsutomu",Thriller,2000,2000
"Southwell, Tom",Argentina:16,2002,2004
"Astor, Tom",Finland:K-16,1995,1995
"Astor, Tom",Spain:13,1995,1995
"Vogt, Tom",Chile:14,2004,2004
"Vogt, Tom",Norway:15,2004,2004
"Graeff, Tom",Thriller,1959,1959
"Backström, Tomas",Chile:14,1993,1993
"Park, Tommy",Thriller,2007,2007
"Dowuona-Hyde, Tom",Thriller,2012,2012
"Shaw, Tom",Thriller,1980,1988
"Shaw, Tom",Argentina:16,1988,1988
"Shaw, Tom",Finland:K-16,1988,1988
"Jenssen, Tom",Thriller,1988,1988
"Tsirbas, Aristomenis",Thriller,2007,2007
"Tsirbas, Aristomenis",Australia:PG,2007,2007
"Tsirbas, Aristomenis",Portugal:M/6,2007,2007
"Tsirbas, Aristomenis",USA:PG,2007,2007
"Priestley, Tom",Australia:PG,1974,1979
"John, Tom H.",USA:PG,1978,1978
"Tomblin, David",Chile:14,1988,1988
"Tomblin, David",Portugal:M/6,1988,1988
"Tomblin, David",USA:PG,1988,1988
"Miranda, Tom",USA:Passed,1926,1926
"Houston, Tom",USA:PG,2011,2011
"Egan, Tom",Biography,1971,1971
"McAdoo, Tom",Spain:13,1964,1964
"Elkins, Tom",Thriller,2007,2013
"Natali, Tommy",Thriller,2012,2012
"Cox, Tom",Biography,2005,2007
"Nuckels, Tommy",Thriller,2010,2010
"Booth, Tom",Thriller,2010,2011
"Santschi, Tom",Thriller,1915,1915
"Stevens, Tom",USA:PG,1974,1988
"Donald, Tom",Australia:PG,1989,1994
"Backström, Tomas",Argentina:16,2004,2004
"Makaras, Tomas",Thriller,2013,2013
"Donald, Tom",Biography,1991,1991
"Sternberg, Tom",Portugal:M/6,1979,1983
"Laughlin, Tom",Thriller,1967,1974
"Laughlin, Tom",USA:PG,1967,1974
"Sotomayor, Ximena",Argentina:16,2010,2010
"Radovich, Tom",Thriller,2011,2011
"Jurgensen, Tom",Thriller,2011,2011
"Turtle, Tommy",Thriller,2000,2000
"Tomlin, Lily",Spain:13,1995,1995
"Seidman, Tom",USA:PG,2010,2010
"Engelman, Tom",Chile:14,2003,2004
"Mitchell, Tom",Thriller,2007,2007
"Schoener, Tom",Thriller,2011,2011
"Tomás, José Vicente",Thriller,2012,2012
"Hemmings, Tom",Argentina:16,2008,2008
"Olsen Jr., Tom",Biography,2012,2012
"Harris, Tom",Biography,1970,1970
"Harris, Tom",USA:PG,1970,1970
"Kuhn, Tom",Biography,1980,1993
"Kuhn, Tom",Finland:K-16,1993,1993
"Thayer, Tom",Norway:15,2000,2000
"Sawyer, Richard Tom",Biography,1980,2000
"Kircher, Tom",Thriller,2011,2012
"Dunbar, Tom",Argentina:16,2007,2007
"Pridham, Tom",Thriller,2012,2012
"George, Tom",Thriller,2009,2009
"Lindquist, Tommy",Biography,2013,2013
"Ortenberg, Tom",Norway:15,2001,2008
"Mattera, Tom",Thriller,2011,2011
"Wallace, Tommy Lee",Thriller,2011,2011
"Wallace, Tommy Lee",Spain:13,1980,1980
"Wallace, Tommy Lee",Finland:K-16,1980,1980
"Salter, Tom",Thriller,2005,2005
"Maschler, Tom",Argentina:16,1981,1981
"Romero, Tom",Thriller,2013,2013
"Sizemore, Tom",Thriller,2006,2006
"Sizemore, Tom",USA:PG,2006,2006
"Schulman, Tom",Thriller,1986,1986
"Held, Tom",Biography,1938,1938
"Sutch, Tom",Thriller,2011,2011
"Atkinson, Tom",Thriller,2010,2010
"Colborne-Malpas, Tom",Thriller,2006,2006
"Schanley, Tom",Thriller,2006,2006
"Elkins, Tom",Argentina:16,2009,2009
"Elkins, Tom",Norway:15,2009,2009
"McLoughlin, Tom",Thriller,1995,1995
"Sachs, Tom",Thriller,1975,1985
"Sachs, Tom",Finland:K-16,1975,1985
"Boutross, Tom",USA:PG,1974,1977
"Rosenberg, Tom",Biography,1999,1999
"Ciesla, Wes Tomasz",Thriller,2009,2011
"Nunan, Tom",Thriller,2006,2006
"Lasica, Tom",Thriller,2005,2009
"Hapgood, Tom",Biography,2013,2013
"Williams, Tom",Biography,2000,2000
"Ptacek, Tom",Biography,2010,2010
"Beaver, Tom",Biography,2010,2010
"Arnold, Tom",Portugal:M/6,2005,2005
"Ritchie, Tom",Thriller,2010,2010
"Ritchie, Tom",Norway:15,2010,2010
"Duffield, Tom",Norway:15,2002,2007
"Sachs, Tom",USA:PG,1976,1979
"Tompkins, Jonathan",Thriller,2013,2013
"Robertson, Tom",Thriller,1980,1980
"Cruise, Tom",Chile:14,2003,2003
"Oates, Tom",Thriller,2006,2006
"Kuhn, Tom",Australia:PG,1989,1989
"Klein, Tom",USA:PG,2012,2012
"Patchett, Tom",Argentina:16,1990,1990
"Tomlinson, Robert L.",USA:PG,1999,1999
"Lisowski, Tom",USA:PG,2012,2012
"Walker, Tom",Biography,2015,2015
"John, Tom H.",Chile:14,1996,1996
"John, Tom H.",Australia:PG,1996,1996
"Nunan, Tom",Biography,2014,2014
"Broadhurst, Tom",Biography,2012,2012
"Trainor, Tom",Thriller,2006,2011
"Berry, Tom",Norway:15,1993,1993
"Siragusa, Tom",Thriller,2010,2010
"Alkadri, Tom",Thriller,1999,1999
"Mumford, Tom",Thriller,1973,1973
"Sherak, Tom",Thriller,2001,2001
"Sherak, Tom",Norway:15,2001,2001
"Boles, Tom",Thriller,2001,2001
"Boles, Tom",Norway:15,2001,2001
"Tryon, Tom",Thriller,1972,1972
"Bowyer, Tom",Argentina:16,2003,2003
"Feliciano, Tom",Spain:13,2011,2011
"Pokorny, Tom",Biography,2012,2012
"Settle, Tom",Thriller,1996,1996
"Tomnay, Nick",Thriller,2010,2010
"Dahlgren, Tom",Thriller,2001,2001
"McGee, Tom",Thriller,2008,2008
"Provost, Tom",Thriller,2010,2010
"Rice, Tom",Thriller,2010,2010
"Colbert, Tom",Australia:PG,2001,2001
"Hines, Tom",Thriller,2004,2004
"Hurvis, Tom",USA:PG,2009,2009
"Schatz, Tom",Thriller,2005,2005
"Schatz, Tom",Argentina:16,2005,2005
"Burruss, Tom",Thriller,2002,2002
"DelCorio, Tommy",Thriller,2011,2011
"Lassally, Tom",Argentina:16,2009,2011
"Fatora, Tom",Thriller,2012,2012
"Duffield, Tom",Argentina:16,2002,2002
"May, Tommee",Argentina:16,2010,2010
"Cox, Tom",Australia:PG,2004,2006
"Duffield, Tom",Spain:13,2003,2003
"Seil, Tom",Thriller,2012,2012
"Savini, Tom",Thriller,2013,2013
"Boardman, Tom",Thriller,2009,2009
"Lasica, Tom",Argentina:16,2005,2005
"Simpson, Tom",Norway:15,1964,1964
"Moore, Tomm",Australia:PG,2009,2009
"Curtis, Tom",Argentina:16,1982,1982
"Barry, Tom",Thriller,2011,2011
"Calevi, Tommaso",Australia:PG,2005,2005
"Vujnovic, Tomislav",Thriller,2010,2010
"Tomita, Sandra",Argentina:16,1996,1996
"Todoroff, Tom",Australia:PG,2001,2001
"Vater, Tom",Thriller,2000,2000
"Smith, Tom Fenwick",Thriller,2009,2009
"Clancy, Tom",Spain:13,2002,2002
"Tomkins, Chris",Thriller,2012,2012
"Tang, Tomas",Thriller,1984,1984
"Martinez, Tomas",Thriller,2006,2006
"Todoroff, Tom",Thriller,2004,2004
"Canniere, Tom",Thriller,2013,2013
"Egoyan, Atom",Norway:15,1997,1997
"Egoyan, Atom",Argentina:16,1997,2005
"Pinnock, Tom",Thriller,2010,2010
"Kam, Tom",Thriller,2011,2011
"Gliserman, Tom",Thriller,2012,2012
"Jones, Tommy Lee",Argentina:16,2005,2005
"Engelman, Tom",Biography,2000,2000
"Kazas, Tom",Biography,2009,2009
"Boutross, Tom",Norway:15,1976,1976
"Karsch, Tom",Biography,2002,2002
"Fukumoto, Tomoo",USA:PG,1986,1986
"Fukumoto, Tomoo",Australia:PG,1986,1986
"Griffin, Tom",USA:PG,1986,1986
"Griffin, Tom",Australia:PG,1986,1986
"Novak, Tom",Thriller,2013,2013
"Kennerly, Tom",Thriller,2010,2010
"Wood, Tommy",Thriller,2012,2012
"Andriuk, Tom",Thriller,2000,2000
"Leetch, Tom",Thriller,1980,1980
"Lewis, Tom",Chile:14,2000,2000
"Reich, Tom",Thriller,2009,2009
"Schneider, Tom",Thriller,2009,2009
"Olson, Tom",Biography,2012,2012
"Porps, Tom",Thriller,2008,2008
"St. John Gray, Tom",Biography,2012,2012
"Schroeder, Tom",USA:PG,2009,2009
"Hanson, Tom",Thriller,1971,1971
"Szymanski, Tom",Thriller,2012,2012
"Tomkins, John",Thriller,2012,2012
"Dallis, Tom",USA:PG,2011,2011
"Tomasino, Kelly",USA:PG,2007,2007
"Calevi, Tommaso",Argentina:16,2005,2005
"Lindsay, Tom",Thriller,2012,2012
"Parkhouse, Tom",Spain:13,2003,2003
"Burton, Tom",Biography,2010,2010
"Burton, Tom",Australia:PG,2010,2010
"Sanjo, Tomoh",Australia:PG,2004,2004
"Perrin, Tom",Biography,2002,2002
"Steinmetz, Tom",Spain:13,1995,1995
"Cimadevilla, Tomás",Norway:15,2003,2003
"Cimadevilla, Tomás",Argentina:16,2003,2003
"Luddy, Tom",Thriller,1987,1987
"Klarner, Tom",Thriller,2005,2005
"Choi, Tom",Thriller,2008,2008
"Dazzi, Tommaso",Portugal:M/6,1988,1988
"Ciszewski, Tomasz",Thriller,2013,2013
"Gunn, Tom",Portugal:M/6,1990,1990
"Marshall, Tom",Thriller,2010,2010
"Tice, Tom",Thriller,2007,2007
"Kuhn, Tom",Argentina:16,1993,1993
"Norfo, Tommaso",Thriller,2012,2012
"Koga, Tomoyuki",Thriller,2010,2010
"Hodges, Tom",Thriller,2010,2010
"Kraft, Tommy",Thriller,2011,2011
"Janulis, Tommy",Thriller,2013,2013
"Boyle, Tom",Thriller,2013,2013
"Leyers, Tomas",Thriller,2012,2012
"Suzuki, Tomoya",Biography,2011,2011
"Stacey, Tom",Australia:PG,1987,1987
"Broadwell, Tom",Thriller,2010,2010
"Dokoupil, Tom",Thriller,2006,2006
"Mix, Tom",USA:Passed,1916,1916
"Isler, Tom",Biography,2011,2011
"Maruo, Tomoyuki",Australia:PG,2008,2008
"Matsumoto, Tomoe",Australia:PG,2008,2008
"Satomi, Hajime",Argentina:16,2002,2002
"Mercer, Tom",Thriller,2006,2006
"Vögel, Tommy",Biography,1996,1996
"Perschke, Tom",Thriller,2004,2004
"Grejs, Tom",Thriller,2012,2012
"Sanders, Tom",Australia:PG,2008,2008
"Sierchio, Tom",Spain:13,1993,1993
"Lassally, Tom",Biography,,
"Sherwood, Tom",Biography,,
"Tomic, Milan",Thriller,2006,2006
"Owen, Tom",Thriller,2013,2013
"Guirao, Tomas",Biography,2011,2011
"Friedman, Tom",Thriller,1988,1988
"Schachte, Tom",Thriller,2001,2001
"Sherry, Tom",Thriller,2013,2013
"Sawyer, Richard Tom",Australia:PG,1986,1988
"Sawyer, Richard Tom",USA:PG,1986,1988
"Heslewood, Tom",Finland:K-16,1937,1937
"Alastra, Tommy",Biography,2008,2008
"Stern, Tom",Australia:PG,1981,1981
"Stern, Tom",USA:PG,1981,1981
"Suh, Tommy",Thriller,2010,2010
"Benda, Tomas",Biography,2005,2005
"Weinreb, Tomas",Biography,2009,2009
"Gaines, Tom",Thriller,1987,1987
"Pallotta, Tommy",Spain:13,2001,2001
"Bowyer, Tom",Biography,2008,2008
"Mittlestadt, Tom",Thriller,2009,2009
"Jo, Tomoko",Thriller,2013,2013
"Higginbottom, Nat",Thriller,2012,2012
"Walsh, Tom",Australia:PG,1998,1998
"Parkinson, Tom",USA:PG,2005,2005
"Meyer, Tom",Portugal:M/6,2006,2006
"Jandelli, Tommaso",USA:PG,1988,1988
"Schulman, Tom",Australia:PG,2004,2004
"Maddox-Upshaw, Tommy",Thriller,2004,2004
"Luse, Tom",Australia:PG,1997,1997
"Rogers, Tom",USA:PG,2006,2006
"Turner, Tommy",Thriller,1985,1985
"Tomkins, Leslie",Spain:13,1996,1996
"Hanc, Tom",Biography,2010,2010
"Parziale, Tom",Spain:13,1995,1995
"Kubota, Tomoe",Thriller,1999,1999
"Tomberlin, Brett Matthew",Thriller,,
"Kelly, Tommy",Thriller,2013,2013
"Reeve, Tom",Australia:PG,1999,1999
"Boutross, Tom",Finland:K-16,1975,1975
"Larkin, Tommy",Thriller,2012,2012
"Cruise, Tom",Biography,1998,1998
"Cruise, Tom",Portugal:M/6,1998,1998
"Webber, Tom",Biography,2011,2011
"Weber, Tom",Thriller,2006,2006
"Weber, Tom",USA:PG,2006,2006
"DeSanto, Tom",Norway:15,2000,2000
"DeGrezia, Tommaso A.",Thriller,2005,2005
"DeGrezia, Tom",Thriller,2005,2005
"Nakamae, Tomoharu",Thriller,2007,2007
"Tomlinson, Henry",Thriller,2011,2011
"Tomlinson, Henry",Finland:K-16,2011,2011
"Tompkins, Roger",Thriller,2008,2008
"Costain, Tom",Argentina:16,2008,2008
"Madigan, Tom",USA:PG,1972,1972
"Madigan, Tom",Norway:15,1972,1972
"Eliasson, Tom",Thriller,1991,1991
"Tomassi, Vincenzo",Australia:PG,1974,1974
"Tombs, Pete",Thriller,2007,2007
"Radic, Tomislav",Biography,1972,1972
"Zaja, Tomislav",Thriller,2002,2002
"Sawyer, Richard Tom",Portugal:M/6,1986,1986
"Higgins, Tom",Thriller,2006,2006
