title,name,name_1,count_star()
Urban Justice,"Michaels, Suzanne",Sony Pictures Home Entertainment,710
Beauty and the Beast,"Silo, Susan",GoodTimes Home Video,540
Anne Frank: The Whole Story,"Friedline, Suzanne",Walt Disney Home Video,520
The Stranger Beside Me,"Peck, Susan",Echo Bridge Home Entertainment,420
Bachelor Party 2: The Last Temptation,"McLeod, Susannah",Twentieth Century Fox Home Entertainment,394
Bachelor Party 2: The Last Temptation,"McLeod, Susannah",20th Century Fox Home Entertainment,394
The Boys of St. Vincent,"Mackasey, Susan",Alliance Releasing Home Video,350
Steve McQueen: The Essence of Cool,"Pleshette, Suzanne",Warner Home Video,288
Star Trek: The Next Generation,"Shimizu, Suzie",Paramount Home Video,284
Anne Frank: The Whole Story,"Friedline, Suzanne",Buena Vista Home Entertainment,260
Last Stand at Saber River,"Amis, Suzy",Warner Home Video,258
Anastasia,"Varon, Susan",Home Box Office Home Video (HBO),248
Anastasia,"Varon, Susan",Home Box Office (HBO),248
Hysterical Blindness,"Isaacs, Susan",Home Box Office Home Video (HBO),244
Hysterical Blindness,"Isaacs, Susan",Argentina Video Home,244
Hysterical Blindness,"Varon, Susan",Argentina Video Home,244
Hysterical Blindness,"Varon, Susan",Home Box Office Home Video (HBO),244
Everest,"Klar, Susan",Sony Pictures Home Entertainment,204
A Christmas Carol,"York, Susannah",20th Century Fox Home Entertainment,200
Castle Freak,"Gordon, Suzanna",Echo Bridge Home Entertainment,200
The Stranger Within,"Egli, Suzanne",Applause Home Video,162
The Man Who Saved Christmas,"Shipton, Susan",Echo Bridge Home Entertainment,154
The Secret Diaries of Miss Anne Lister,"Lynch, Susan",Homescreen,152
Urban Justice,"Michaels, Suzanne",Sony Pictures Home Entertainment Nordic,142
Star Trek: The Next Generation,"Shimizu, Suzie",CIC-Taft Home Video,142
Star Trek: The Next Generation,"Shimizu, Suzie",Home Video Hellas (HVH),142
Star Trek: The Next Generation,"Shimizu, Suzie",Paramount Home Entertainment,142
The Substitute 2: School's Out,"Pratt, Susan May",PlayArte Home Vídeo,138
"That Night, a Forest Grew","Safer, Susan",Argentina Video Home,128
Hysterical Blindness,"Varon, Susan",Home Box Office (HBO),122
Hysterical Blindness,"Isaacs, Susan",Home Box Office (HBO),122
Firestarter 2: Rekindled,"McCole Bartusiak, Skye",Universal Home Entertainment,120
Matters of State,"Holmes, Susan",Sony Pictures Home Entertainment,120
Matters of State,"Holmes, Susan",Paramount Home Entertainment,120
Firestarter 2: Rekindled,"Bingham, Suzanne",Universal Home Entertainment,120
Road Warriors: The Life and Death of Wrestling's Most Dominant Tag Team,"Kushner, Shai",WWE Home Video,116
Stuart Little 3: Call of the Wild,"Blu, Susan",Sony Pictures Home Entertainment,114
Wish Upon a Star,"Bingham, Suzanne",Warner Home Video,114
Resistance Is Futile,"Safer, Susan",Argentina Video Home,114
Wish Upon a Star,"Bingham, Suzanne",Columbia TriStar Home Entertainment,114
The Perfect Husband: The Laci Peterson Story,"Whang, Suzanne",Sony Pictures Home Entertainment,112
The Perfect Husband: The Laci Peterson Story,"Whang, Suzanne",Columbia TriStar Home Video,112
Strange Things Happen at Sundown,"Baker, Susana",Starmedia Home Entertainment,110
Master Builder,"Szekerák, Szonja",Sony Pictures Home Entertainment,108
Histories,"Ford, Suzanne",Universal Studios Home Entertainment,106
His Majesty's Pleasure,"Holmes, Susan",Sony Pictures Home Entertainment,104
His Majesty's Pleasure,"Holmes, Susan",Paramount Home Entertainment,104
Enron: The Smartest Guys in the Room,"Elkins, Susan",Paradiso Home Entertainment,102
Enron: The Smartest Guys in the Room,"Elkins, Susan",Magnolia Home Entertainment,102
It's a Very Merry Muppet Christmas Movie,"Cross, Suzanne",MGM Home Entertainment,102
Westside,"Blakely, Susan",Warner Home Video,102
It's a Very Merry Muppet Christmas Movie,"Wang, Sisi",MGM Home Entertainment,102
Enron: The Smartest Guys in the Room,"Elkins, Susan",Alliance Atlantis Home Video,102
ECW One Night Stand,"Kushner, Shai",WWE Home Video,98
Last Salute to the Commodore,"Foster, Susan",Universal Studios Home Entertainment,94
Christmas Show,"Stevenson, Susan",Warner Home Video,92
Fugue States: Part 1,"Johnston, Sue",Warner Home Video,92
Destiny and Fortune,"Holmes, Susan",Sony Pictures Home Entertainment,92
Ghost Lake,"Lewis, Susan",Velocity Home Entertainment,90
Your Sudden Death Question,"Doyle, Susannah",ITV Studios Home Entertainment,88
Last Stand at Saber River,"Amis, Suzy",Turner Home Entertainment,86
The Terry Fox Story,"Payne, Susan",Home Box Office (HBO),84
Mater and the Ghostlight,"Levin, Susan E.",Buena Vista Home Entertainment,80
Serving in Silence: The Margarethe Cammermeyer Story,"Montgomery, Susan",Sony Pictures Home Entertainment,78
Serving in Silence: The Margarethe Cammermeyer Story,"Barnes, Susan",Sony Pictures Home Entertainment,78
When You Hit Upon a Star,"Stevenson, Susan",Warner Home Video,76
Ben 10: Race Against Time,"Hines, Suzanne",Warner Home Video,76
"Cripples, Bastards, and Broken Things","McIlwaine, Susie",Home Box Office Home Video (HBO),76
Puppet Master 4,"James, Suze",Paramount Home Video,76
"Cripples, Bastards, and Broken Things","Brown, Susan",Home Box Office Home Video (HBO),76
Puppet Master III: Toulon's Revenge,"Mitchell, Suzanne",Echo Bridge Home Entertainment,74
Breast Men,"Nichols, Susan",Home Box Office Home Video (HBO),74
Breast Men,"Isaacs, Susan",Home Box Office (HBO),74
Breast Men,"Nichols, Susan",Home Box Office (HBO),74
Breast Men,"Isaacs, Susan",Home Box Office Home Video (HBO),74
Puppet Master III: Toulon's Revenge,"Mitchell, Suzanne",Warner Home Video,74
Puppet Master III: Toulon's Revenge,"Mitchell, Suzanne",Paramount Home Video,74
NCIS: Naval Criminal Investigative Service,"Hollander, Susan",Paramount Home Entertainment,74
The Station Sale,"Leslie, Susan",Sony Pictures Home Entertainment,72
Lost Moon: The Triumph of Apollo 13,"Lovell, Susan",Universal Studios Home Video,68
Path to Paradise: The Untold Story of the World Trade Center Bombing.,"Strine, Susan",Home Box Office (HBO),68
Lost Moon: The Triumph of Apollo 13,"Lovell, Susan",MCA/Universal Home Video,68
Buster & Chauncey's Silent Night,"Blu, Susan",Sony Pictures Home Entertainment,66
Buster & Chauncey's Silent Night,"Blu, Susan",Columbia TriStar Home Video,66
Curse of the Puppet Master,"Laprelle, Susan",Echo Bridge Home Entertainment,64
The Audrey Hepburn Story,"Glover, Susan",Columbia TriStar Home Video,64
The Stolen Eagle,"Bertish, Suzanne",Home Box Office (HBO),62
Firestarter 2: Rekindled,"Bingham, Suzanne",Argentina Video Home,60
Firestarter 2: Rekindled,"McCole Bartusiak, Skye",Argentina Video Home,60
Firestarter 2: Rekindled,"Bingham, Suzanne",Universal Home Video,60
Firestarter 2: Rekindled,"McCole Bartusiak, Skye",Universal Home Video,60
Straw Dog: Part 2,"Johnston, Sue",Warner Home Video,60
Three Stories,"Gallagher, Susan",Universal Studios Home Entertainment,60
The Brave Little Toaster Goes to Mars,"Boyd, Susan",Walt Disney Home Video,60
Multistorey: Part 2,"Wickham, Saskia",Warner Home Video,58
The Hardest Word: Part 2,"Johnston, Sue",Warner Home Video,58
Multistorey: Part 2,"Johnston, Sue",Warner Home Video,58
Justice League: Doom,"Eisenberg, Susan",Warner Home Video,58
Straw Dog: Part 1,"Johnston, Sue",Warner Home Video,58
Doctor Strange,"Spano, Susan",Lions Gate Films Home Entertainment,56
Mommy Nearest,"Stevenson, Susan",Warner Home Video,56
Christmas in Connecticut,"Malerstein, Susan",Lighthouse Home Entertainment,56
Mystery Mile: Part 1,"Lumb, Susan",Warner Home Video,56
The Hardest Word: Part 1,"Johnston, Sue",Warner Home Video,54
My Own Worst Enemy,"Rubin, Shoshana",Warner Home Video,54
Sister of the Bride,"Harris, Susan",Buena Vista Home Entertainment,54
My Own Worst Enemy,"Slattery, Susan",Warner Home Video,54
The Making of Steven Spielberg's 'Jaws',"Backlinie, Susan",Universal Home Video,52
A Cry for Justice,"Gilmore, Susan",PBS Home Video,52
The Hostages,"Peretz, Susan",Columbia TriStar Home Entertainment,52
Multistorey: Part 1,"Johnston, Sue",Warner Home Video,48
Red John's Footsteps,"Johnston, Suzanne E.",Warner Home Video,48
Multistorey: Part 1,"Wickham, Saskia",Warner Home Video,48
Harvest of Fire,"Nanus, Susan",Hallmark Home Entertainment,48
Thelma & Louise: The Last Journey,"Sarandon, Susan",MGM Home Entertainment,48
The Jayne Mansfield Story,"Pratt, Susan",USA Home Video (II),46
SeaQuest DSV,"Lowitz, Suzan",Universal Home Entertainment,46
SeaQuest DSV,"Lowitz, Suzan",Home Video Hellas (HVH),46
Fisticuffs,"Maddock, Suzanne",BBC Home Video,46
The Hofstadter Isotope,"Kesser, Susan",Warner Home Video,46
Mistaken Identity,"Stevenson, Susan",Warner Home Video,44
It's Better to Have Loved and Lost It...,"Stevenson, Susan",Warner Home Video,44
Stop Will! in the Name of Love,"Stevenson, Susan",Warner Home Video,44
G String Divas,"Benaroya, Susan",Home Box Office (HBO),44
Christmas Dove,"Hubley, Season",GoodTimes Home Video,42
Late Last Night,"Sandberg, Susan",Sterling Home Entertainment,42
Frankenstein: Part 1,"Strasberg, Susan",MPI Home Video,42
East of Eden: Art in Search of Life,"Schillinglaw, Susan",Warner Home Video,42
Stepfather III,"Evers, Susan",Home Box Office (HBO),40
Stepfather III,"Hubley, Season",Malofilm Home Video,40
Stepfather III,"Hubley, Season",RCV Home Entertainment,40
Prom Night III: The Last Kiss,"Cyr, Suzanne",Artisan Home Entertainment,40
Mystery of the Fallen Angels,"Pratt, Susan",Universal Studios Home Entertainment,40
The First Taste,"Slattery, Susan",Home Box Office (HBO),40
Stepfather III,"Hubley, Season",Home Box Office (HBO),40
Stepfather III,"Evers, Susan",Malofilm Home Video,40
Mater and the Ghostlight,"Levin, Susan E.",Walt Disney Studios Home Entertainment,40
Paradise Lost,"Eisenberg, Susan",Warner Home Video,40
Stepfather III,"Kesner, Susan",Home Box Office (HBO),40
Stepfather III,"Kesner, Susan",Malofilm Home Video,40
Stepfather III,"Evers, Susan",RCV Home Entertainment,40
Prom Night III: The Last Kiss,"Cyr, Suzanne",Norstar Home Video Inc.,40
Stepfather III,"Kesner, Susan",RCV Home Entertainment,40
"Cripples, Bastards, and Broken Things","McIlwaine, Susie",Home Box Office (HBO),38
Puppet Master 4,"James, Suze",Echo Bridge Home Entertainment,38
"Cripples, Bastards, and Broken Things","Brown, Susan",Home Box Office (HBO),38
"Mr. Show and the Incredible, Fantastical News Report","Baker, Suzanne",Home Box Office Home Video (HBO),38
Stuart Little 3: Call of the Wild,"Blu, Susan",Columbia TriStar Home Video,38
The Matthew Shepard Story,"Chuang, Susan",Echo Bridge Home Entertainment,38
Scared Straight,"Palladino, Susan",Buena Vista Home Entertainment,36
The Heist,"Thompson, Susan",Home Box Office (HBO),36
The Best Laid Plans,"Stevenson, Susan",Warner Home Video,36
Scared Straight,"Harris, Susan",Buena Vista Home Entertainment,36
Dragon Storm,"Merodiiski, Sasho",20th Century Fox Home Entertainment,36
Snowbound: The Jim and Jennifer Stolpa Story,"Weir, Susan",Lumière Home Vídeo,36
Strip-Tease for Two,"Stevenson, Susan",Warner Home Video,36
Mystery Mile: Part 2,"Lumb, Susan",Warner Home Video,36
The Last Don,"Dunn, Suzanne",PlayArte Home Vídeo,36
"Don't Stop Dancing, Girl","Slattery, Susan",Warner Home Video,36
Snowbound: The Jim and Jennifer Stolpa Story,"De Laval, Susan",Lumière Home Vídeo,36
"Rest in Peace, Mrs. Columbo","Bachli, Susan",Universal Studios Home Entertainment,36
Snowbound: The Jim and Jennifer Stolpa Story,"Clark, Susan",Lumière Home Vídeo,36
The Land Before Time VII: The Stone of Cold Fire,"Blu, Susan",Universal Studios Home Video,36
The Last Don,"Bierbaum, Susan",PlayArte Home Vídeo,36
PSAT Pstory,"Stevenson, Susan",Warner Home Video,36
It's a Very Merry Muppet Christmas Movie,"Cross, Suzanne",20th Century Fox Home Entertainment,34
It's a Very Merry Muppet Christmas Movie,"Wang, Sisi",20th Century Fox Home Entertainment,34
The Voice of Christmas,"Olsen, Susan",Paramount Home Entertainment,34
Path to Paradise: The Untold Story of the World Trade Center Bombing.,"Strine, Susan",Warner Home Video,34
It's a Very Merry Muppet Christmas Movie,"Wang, Sisi",20th Century Fox Home Entertainment Japan,34
It's a Very Merry Muppet Christmas Movie,"Cross, Suzanne",20th Century Fox Home Entertainment Japan,34
It's a Very Merry Muppet Christmas Movie,"Cross, Suzanne",Universal Studios Home Entertainment,34
It's a Very Merry Muppet Christmas Movie,"Cross, Suzanne",Twentieth Century Fox Home Entertainment,34
The Most Crucial Game,"Howard, Susan",Universal Studios Home Entertainment,34
Poor Little Rich Girl: The Barbara Hutton Story,"McDonald, Susan",A&E Home Video,34
Love and Hate: The Story of Colin and Joanne Thatcher,"Procter, Susan",Paramount Home Video,34
It's a Very Merry Muppet Christmas Movie,"Wang, Sisi",Universal Studios Home Entertainment,34
Poor Little Rich Girl: The Barbara Hutton Story,"Hausner, Sue",A&E Home Video,34
Twin Sisters,"Almgren, Susan",Malofilm Home Video,34
"Happy, the Littlest Bunny","Schiff, Susan",Abbey Home Media,34
Jesse Stone: No Remorse,"Hawkins, Suzanne",Sony Pictures Home Entertainment,34
"Happy, the Littlest Bunny","Schiff, Susan",GoodTimes Home Video,34
Love and Hate: The Story of Colin and Joanne Thatcher,"Cook, Suzanne",Paramount Home Video,34
Path to Paradise: The Untold Story of the World Trade Center Bombing.,"Strine, Susan",Home Box Office Home Video (HBO),34
Torso: The Evelyn Dick Story,"Rosset, Susan",Planet Media Home Entertainment,34
Twin Sisters,"Almgren, Susan",Fox Home Video,34
It's a Very Merry Muppet Christmas Movie,"Wang, Sisi",Twentieth Century Fox Home Entertainment,34
Roughnecks: The Starship Troopers Chronicles,"Blu, Susan",Sony Pictures Home Entertainment,32
The Killer Robot Instability,"Kesser, Susan",Warner Home Video,32
In the Custody of Strangers,"Weber-Gold, Susan",Spentzos Film Home Video,32
Desert Storm,"Schofield, Susan",Paramount Pictures Home Entertainment,32
A Question of Love,"Batson, Susan",USA Home Video,32
In the Custody of Strangers,"Peretz, Susan",Spentzos Film Home Video,32
The Unexpected Twist,"Schofield, Susan",Paramount Pictures Home Entertainment,32
Strange Love,"Slattery, Susan",Home Box Office (HBO),32
Protest,"Beaubian, Susan",Paramount Home Entertainment,32
"Houston, We Have an Elephant","Vaughn, Susan",Paramount Pictures Home Entertainment,32
Roughnecks: The Starship Troopers Chronicles,"Blu, Susan",Columbia TriStar Home Video,32
Competition to the Fullest,"Schofield, Susan",Paramount Pictures Home Entertainment,32
Fight to the Last Minute,"Schofield, Susan",Paramount Pictures Home Entertainment,32
Jesus Christ Superstar,"McLean, Suzann",MCA/Universal Home Video,30
Bus Stop,"Beavers, Susan",Sony Pictures Home Entertainment,30
Jesus Christ Superstar,"McLean, Suzann",Universal Home Entertainment,30
Taking Back My Life: The Nancy Ziegenmeyer Story,"Walden, Susan",Warner Home Vídeo,30
Lady Gaga Presents: The Monster Ball Tour at Madison Square Garden,"Rosenberg, Susan",Home Box Office (HBO),30
The Brave Little Toaster Goes to Mars,"Boyd, Susan",Buena Vista Home Video,30
Just Infatuation,"Stevenson, Susan",Warner Home Video,28
Don't Talk to Strangers,"Magnus, Susan",MCA/Universal Home Video,28
The Prince's Trust Rock Gala: 10th Birthday,"Vega, Suzanne",Total Film Home Entertainment,28
Outcast,"MacLeod, Susan",First Release Home Entertainment,28
Dead Ahead: The Exxon Valdez Disaster,"Astley, Susan",Home Box Office (HBO),28
Don't Talk to Strangers,"Weir, Susan",MCA/Universal Home Video,28
The Prince's Trust Rock Gala: 10th Birthday,"Vega, Suzanne",Versátil Home Vídeo,28
Baseball Was Better with Steroids,"Beavers, Susan",Warner Home Video,28
You Can Fly!: The Making of Walt Disney's Masterpiece 'Peter Pan',"Lee, Susan K.",Walt Disney Home Video,26
You Can Fly!: The Making of Walt Disney's Masterpiece 'Peter Pan',"Lee, Susan K.",Buena Vista Home Entertainment,26
Master the Possibilities,"Jang, Susan",Columbia TriStar Home Video,26
Man in the Mirror: The Michael Jackson Story,"Delaney, Suzanne",Paramount Home Video,26
Cinderella III: A Twist in Time,"Blakeslee, Susanne",Buena Vista Home Entertainment,26
Weenie Tot Lovers & Other Strangers,"Jang, Susan",Sony Pictures Home Entertainment,26
Strange Days,"Hunt, Suzanne",Home Box Office (HBO),24
Agatha Christie's Miss Marple: A Pocket Full of Rye,"Gilmore, Susan",Warner Home Video,24
Yesterday's Jam,"Baron, Suzanne",MPI Home Video,24
Asteroids: Deadly Impact,"Kieffer, Susan",Warner Home Video,24
Stage 5,"Aston, Susan",Home Box Office (HBO),24
The Christ Nail,"Essman, Susie",Home Box Office (HBO),24
My Breast,"Love, Susan",MPI Home Video,24
Mazes and Monsters,"Strasberg, Susan",Lorimar Home Video,24
Mazes and Monsters,"Strasberg, Susan",Trinity Home Entertainment,24
Stage 5,"Porro, Susan",Home Box Office (HBO),24
Beauty and the Beast: The Enchanted Christmas,"Ng, Sauching",Buena Vista Home Entertainment,24
Beauty and the Beast: The Enchanted Christmas,"Ng, Sauching",Buena Vista Home Video,24
Beauty and the Beast: The Enchanted Christmas,"Ng, Sauching",Walt Disney Home Video,24
The Best Christmas Ever!,"Nipp, Susan Hagen",MCA/Universal Home Video,24
Mazes and Monsters,"Strasberg, Susan",Warner Home Video,24
The House That Peg Lost,"Jang, Susan",Columbia TriStar Home Video,22
"Fart Jokes, Pie and Celeste","Beavers, Susan",Warner Home Video,22
Just Ask My Children,"Slattery, Susan",Starlight Home Entertainment,22
Puppet Master 5: The Final Chapter,"Guercioni, Susanne",Paramount Home Video,22
Nightstick,"Haller, Susan",RCA/Columbia Pictures Home Video,22
An Old Fashioned Christmas,"Holmes, Susan",Ascot Elite Home Entertainment,22
Buck the Stud,"Jang, Susan",Sony Pictures Home Entertainment,22
Puppet Master 5: The Final Chapter,"Guercioni, Susanne",Echo Bridge Home Entertainment,22
An All Dogs Christmas Carol,"Boyd, Susan",MGM/UA Home Entertainment,22
The Strangers in 7A,"Hildur, Susanne",Flashback Home Entertainment,22
The Ghost of Whyther Grange,"Clark, Susan",Echo Bridge Home Entertainment,22
The Chinese Restaurant,"Mamann-Greenberg, Suzy",Sony Pictures Home Entertainment,20
Paradise Lost,"Sullivan, Susan",Warner Home Video,20
The First Taste,"Slattery, Susan",Warner Home Video,20
Christmas Story,"Beavers, Susan",Sony Pictures Home Entertainment,20
Diary of a Political Tourist,"Benaroya, Susan",Home Box Office (HBO),20
Mistrial,"Coy, Suzanne",Home Box Office Home Video (HBO),20
An American Tail: The Mystery of the Night Monster,"Boyd, Susan",Universal Home Video,20
Club Ecstasy,"Herbst, Susan",Caballero Home Video,20
Prostitutes and Gelato,"Beavers, Susan",Warner Home Video,20
Mistrial,"David, Susanna",Home Box Office Home Video (HBO),20
First Date,"Suite, Susan",Paramount Home Entertainment,20
Mistrial,"David, Susanna",PlayArte Home Vídeo,20
Mistakes Were Made: Part 1,"Whang, Suzanne",Buena Vista Home Entertainment,20
Mistrial,"Coy, Suzanne",Home Box Office (HBO),20
Mostly Ghostly,"Bonno-Buckner, Susan J.",Universal Studios Home Entertainment,20
An American Tail: The Mystery of the Night Monster,"Boyd, Susan",Universal Family and Home Entertainment,20
The Chinese Restaurant,"Mamann-Greenberg, Suzy",Columbia TriStar Home Entertainment,20
Mostly Ghostly,"Bonno-Buckner, Susan J.",Argentina Video Home,20
An American Tail: The Mystery of the Night Monster,"Boyd, Susan",Universal Studios Home Video,20
The Therapists,"Essman, Susie",Home Box Office (HBO),20
Mistrial,"David, Susanna",Home Box Office (HBO),20
Deep Ocean Vast Sea,"Jackson, Sasha",Warner Home Video,20
Mistrial,"Coy, Suzanne",PlayArte Home Vídeo,20
Miami Hustle,"Boye-Moller, Suzanne",Home Video Hellas (HVH),18
A Jock Strap in Hell,"Beavers, Susan",Warner Home Video,18
Girls Just Wanna Have Fun: Part 2,"Jang, Susan",Columbia TriStar Home Video,18
The Strangler's Wife,"Dubus, Suzanne",New Concorde Home Entertainment,18
Oliver Twist,"McAuley, Suzanne",Buena Vista Home Entertainment,18
Sometimes That's Just the Way It Is,"Suite, Susan",Paramount Home Entertainment,18
The Stranded,"Mamann-Greenberg, Suzy",Sony Pictures Home Entertainment,18
Paradise Lost,"Clark, Susan",Echo Bridge Home Entertainment,18
Who'll Stop the Rain,"Jang, Susan",Sony Pictures Home Entertainment,18
Girls Just Wanna Have Fun: Part 1,"Jang, Susan",Columbia TriStar Home Video,18
Out of Annie's Past,"Gundlach, Suzanne",MCA/Universal Home Video,18
Unleashing the Beast: Making 'The Howling',"Arnold, Susan",MGM/UA Home Entertainment,16
Green Street Hooligans 2,"Doepner-Senac, Susan",Paramount Home Entertainment (Spain),16
Unleashing the Beast: Making 'The Howling',"Marble, Susan",MGM/UA Home Entertainment,16
Just You Wait and See,"Suite, Susan",Paramount Home Entertainment,16
The Stakeout,"Mamann-Greenberg, Suzy",Columbia TriStar Home Entertainment,16
The Janus List,"Hamilton, Sekou",Paramount Home Entertainment,16
Love Stinks: Part 2,"Suite, Susan",Paramount Home Entertainment,16
Statsbesøg,"Olsen, Signe Egholm",Lumière Home Entertainment,16
James Dean: Race with Destiny,"Weinberg, Susan",York Home Video,16
Green Street Hooligans 2,"May, Suzanne",Paramount Home Entertainment (Spain),16
A Town Without Christmas,"Leblanc-Crawford, Susan",Paramount Home Entertainment,16
Monster Night,"Surtees, Suzanne",Entertainment Studios Home Entertainment,16
The Work Song Nanocluster,"Kesser, Susan",Warner Home Video,16
Art in the Twenty-First Century,"Dowling, Susan",PBS Home Video,16
Just You Wait and See,"Savage, Susan",Paramount Home Entertainment,16
Love at First Fight,"Stevenson, Susan",Warner Home Video,16
Green Street Hooligans 2,"Doepner-Senac, Susan",Ascot Elite Home Entertainment,16
Green Street Hooligans 2,"May, Suzanne",Ascot Elite Home Entertainment,16
Stuck in the Middle with You,"Suite, Susan",Paramount Home Entertainment,16
A Mother's Testimony,"Blakely, Susan",RCV Home Entertainment,16
The Stakeout,"Mamann-Greenberg, Suzy",Sony Pictures Home Entertainment,16
Mr. & Mrs. John Sacrimoni Request,"Aston, Susan",Home Box Office (HBO),14
Breasts: A Documentary,"Mason, Susan",Home Box Office (HBO),14
Assault at West Point: The Court-Martial of Johnson Whittaker,"Zeh, Susan",Republic Pictures Home Video,14
Assault at West Point: The Court-Martial of Johnson Whittaker,"Bluttman, Susan",Republic Pictures Home Video,14
Young and the Restless,"Stevenson, Susan",Warner Home Video,14
A Fistful of Reasons,"Olsen, Susan",Paramount Home Entertainment,14
My Sister's Keeper,"Krebs, Susan",Artisan Home Entertainment,14
Last Dance,"Walters, Susan",Twentieth Century Fox Home Entertainment,14
The Universal Story,"Kohner, Susan",MCA/Universal Home Video,14
My Sister's Keeper,"Tarr, Susan",Hallmark Home Entertainment,14
Who Do You Trust?,"Suite, Susan",Paramount Home Entertainment,14
Assault at West Point: The Court-Martial of Johnson Whittaker,"Bluttman, Susan",KNM Home Entertainment,14
Breasts: A Documentary,"Mason, Susan",Home Box Office Home Video (HBO),14
Assault at West Point: The Court-Martial of Johnson Whittaker,"Zeh, Susan",KNM Home Entertainment,14
My Sister's Keeper,"Tarr, Susan",Artisan Home Entertainment,14
My Sister's Keeper,"Tarr, Susan",Family Home Entertainment (FHE),14
Assault at West Point: The Court-Martial of Johnson Whittaker,"Harris, Susanne",Republic Pictures Home Video,14
Assault at West Point: The Court-Martial of Johnson Whittaker,"Harris, Susanne",KNM Home Entertainment,14
Waste Not,"Hamilton, Sekou",Paramount Home Entertainment,14
Just Married... with Children,"Jang, Susan",Columbia TriStar Home Video,14
Invitation to Disaster,"Suite, Susan",Paramount Home Entertainment,14
My Sister's Keeper,"Krebs, Susan",Family Home Entertainment (FHE),14
Columbo and the Murder of a Rock Star,"Singer Carter, Susie",Universal Studios Home Entertainment,14
Rolling Stones: Forty Licks World Tour Live at Madison Square Garden,"McCarley, Susan",Home Box Office (HBO),14
My Sister's Keeper,"Krebs, Susan",Hallmark Home Entertainment,14
The Psychiatrist,"Beavers, Susan",Sony Pictures Home Entertainment,14
Busted,"Suite, Susan",Paramount Home Entertainment,12
Christopher,"Aston, Susan",Home Box Office (HBO),12
The Divinity Cluster,"Ki, Seijin",Echo Bridge Home Entertainment,12
Christmas Rush,"Marucci, Susan",Columbia TriStar Home Video,12
Strange Days,"Hunt, Suzanne",Warner Home Video,12
Strip Search,"Saunders, Susan",Argentina Video Home,12
Stealing from Saturn,"Bertish, Suzanne",Home Box Office (HBO),12
Time to Leave the Nest,"Suite, Susan",Paramount Home Entertainment,12
Agatha Christie's Miss Marple: A Pocket Full of Rye,"Gilmore, Susan",20th Century Fox Home Entertainment,12
The Last Day,"Walters, Susan",Warner Home Video,12
MacGyver: Lost Treasure of Atlantis,"McGeachan, Suzanne",Paramount Home Entertainment,12
The Stock Tip,"Mamann-Greenberg, Suzy",Sony Pictures Home Entertainment,12
The Stock Tip,"Mamann-Greenberg, Suzy",Columbia TriStar Home Entertainment,12
The Strip Strangler,"Simone, Susan",Indies Home Entertainment,12
Without Warning: The James Brady Story,"Brown, Susan",Home Box Office (HBO),12
LeapFrog: Learn to Read at the Storybook Factory,"Barchers, Suzanne",Warner Home Video,12
One Step Beyond: The Making of 'Alien: Resurrection',"Zwerman, Susan",20th Century Fox Home Entertainment,12
For Better or for Worse: The Last Camping Trip,"Snooks, Susan",Celebrity Home Entertainment,12
I'd Like to Start with the Cat,"Beavers, Susan",Warner Home Video,12
Lost,"Suite, Susan",Paramount Home Entertainment,12
Fear Strikes Out,"Jansen, Susan Estelle",Lionsgate Home Entertainment,10
Only the Best 1,"French, Suzannah",Cal-Vista Home Video,10
Testudo et Lepus (The Tortoise and the Hare),"Bertish, Suzanne",Home Box Office (HBO),10
State of Emergency,"Dizon, Suzanne",Home Box Office (HBO),10
Will Steps Out,"Powter, Susan",Warner Home Video,10
All About Christmas Eve,"Huckle, Susan",Starz Home Entertainment,10
The Last Thing You Want Is to Wind Up with a Hump,"Vercelli, Susan",Warner Home Video,10
Miss Mystic Falls,"Walters, Susan",Warner Home Video,10
Will Steps Out,"Stevenson, Susan",Warner Home Video,10
The Client List,"Martin, Suzanne",Sony Pictures Home Entertainment,10
All About Christmas Eve,"Buliavac, Susan",Starz Home Entertainment,10
The Book of Yesterday,"Clark, Susan",Echo Bridge Home Entertainment,10
Strays,"Muir, Susan",MCA/Universal Home Video,10
West Side Memories,"Marble, Susan",MGM/UA Home Entertainment,10
Courting Disaster,"Stevenson, Susan",Warner Home Video,10
Run for the Dream: The Gail Devers Story,"Bonno-Buckner, Susan J.",Hallmark Home Entertainment,10
The Best of Broadway,"Browning, Susan",Karl-Lorimar Home Video,10
You Must Remember This: The Warner Bros. Story,"Orlean, Susan",Warner Home Vídeo,10
State of Emergency,"Black, Susan",Home Box Office (HBO),10
"Laxative Tester, Horse Inseminator","Beavers, Susan",Warner Home Video,10
Strays,"Nininger, Susan",MCA/Universal Home Video,10
The Pennsylvania Miners' Story,"O'Connor, Susan",Buena Vista Home Video,8
William Shatner's Star Trek Memories,"Stroh, Suzanne",Paramount Home Video,8
Nightmare on Al's Street,"Jang, Susan",Columbia TriStar Home Video,8
"Stanley, the Ugly Duckling","Blu, Susan",Family Home Entertainment (FHE),8
Curly: The Littlest Puppy,"Schiff, Susan",Abbey Home Media,8
The Sylvester & Tweety Mysteries,"Gu, Seo Jung",Warner Home Video,8
Once in St. Olaf,"Harris, Susan",Buena Vista Home Entertainment,8
My Favorite Mistake,"Vaill, Susan",Buena Vista Home Entertainment,8
Pokémon: Lucario and the Mystery of Mew,"Goldish, Suzanne",RCV Home Entertainment,8
1st Testament CIA Vengeance,"Kim, Soo J.",Singa Home Entertainment,8
James Dean: Race with Destiny,"Weinberg, Susan",MPI Home Video,8
Sisters and Other Strangers,"Harris, Susan",Buena Vista Home Entertainment,8
Shattered Trust: The Shari Karney Story,"Nanus, Susan",Lumière Home Vídeo,8
The Last Good Day,"Lay, Susan",20th Century Fox Home Entertainment Japan,8
Superstition,"Jennings, Sue",Buena Vista Home Entertainment,8
Storms of the Heart,"Clark, Susan",Echo Bridge Home Entertainment,8
Circumstances Unknown,"Joachim, Suzy",Paramount Home Video,8
Art in the Twenty-First Century,"Sollins, Susan",PBS Home Video,8
Love Stinks: Part 1,"Suite, Susan",Paramount Home Entertainment,8
The Pennsylvania Miners' Story,"O'Connor, Susan",Walt Disney Home Video,8
Curly: The Littlest Puppy,"Schiff, Susan",GoodTimes Home Video,8
Les histoires du Père Castor,"Belec, Suzanne",Family Home Entertainment (FHE),8
"Hello, I am Alan Cousteau","Beavers, Susan",Warner Home Video,8
Have Yourself a Very Little Christmas,"Harris, Susan",Buena Vista Home Entertainment,6
Cold Stones,"Aston, Susan",Home Box Office (HBO),6
That Pistol-Packin' Hermaphrodite,"Beavers, Susan",Warner Home Video,6
The Best Christmas Ever!,"Schaefer, Susan Sittko",MCA/Universal Home Video,6
The Past in the Present,"Hartman, Susanne Allan",20th Century Fox Home Entertainment,6
Best of Diamond Collection 11,"Hart, Susan",CDI Home Video,6
Best of Diamond Collection 11,"Hart, Susan",Cinderella Distributors Home Video (CDI),6
The Greatest Man in the World,"Morse, Susan E.",Fries Home Video,6
The Best Christmas Ever!,"Bonde, Susan",MCA/Universal Home Video,6
Last Call for Aunt Julie,"Suite, Susan",Paramount Home Entertainment,6
A Triumph of the Heart: The Ricky Bell Story,"Ruttan, Susan",Sato Home Vídeo,6
Stealing from Saturn,"Bertish, Suzanne",Warner Home Video,6
Slammin' Sammy's Stunt Show Spectacular,"Kase, Susan",Universal Studios Home Entertainment,6
Girls Just Want to Have Fun,"Suite, Susan",Paramount Home Entertainment,6
Blues for Sister Someone,"Jennings, Sue",Buena Vista Home Entertainment,6
Belle Starr,"Dukow, Susan",Warner Home Video,6
Blair Waldorf Must Pie!,"Misner, Susan",Warner Home Video,6
The Betty Ford Story,"Watson, Susan",Warner Home Video,6
A Man's Castle,"Jang, Susan",Sony Pictures Home Entertainment,6
Miracle on Third or Fourth Street,"Holmes, Suzanne",Paramount Home Video,6
The Greatest Man in the World,"Morse, Susan E.",PBS Home Video,6
Christmas Rush,"Marucci, Susan",Columbia TriStar Home Entertainment,6
Viva Lost Wages,"Bambara, Susan",Warner Home Video,6
Krakatoa: The Last Days,"Hamilton, Susanne",Argentina Video Home,6
Christopher,"Aston, Susan",Warner Home Video,6
Yesterday,"Jennings, Sue",Buena Vista Home Entertainment,6
Play'd: A Hip Hop Story,"Swindle, Suzanne C.",Lions Gate Films Home Entertainment,6
The Mighty and Strong,"Slattery, Susan",Home Box Office Home Video (HBO),6
The Deadly Imposter,"Gailey, Susan",Columbia TriStar Home Entertainment,6
Staring at the Sun,"Vaill, Susan",Buena Vista Home Entertainment,4
"Christopher Lee: Mr. Holmes, Mr. Wilder","Marble, Susan",MGM Home Entertainment,4
The Self Destruction of the Ultimate Warrior,"Kushner, Shai",WWE Home Video,4
Didn't We Almost Have It All?,"Vaill, Susan",Buena Vista Home Entertainment,4
Boz Scaggs: Greatest Hits Live,"McLaughlin, Susan",Coming Home Studios,4
The Stranger Beside Me,"Ventulett, Suzanne",Echo Bridge Home Entertainment,4
Lost and Found,"Suite, Susan",Paramount Home Entertainment,4
The Test Dream,"Aston, Susan",Home Box Office (HBO),4
"Murder, She Wrote: South by Southwest","Blommaert, Susan",Universal Studios Home Entertainment,4
Mörderisches Wespennest,"Wolff, Susanne",Kinowelt Home Entertainment,4
Blast from the Past,"Howard, Susan",Warner Home Video,4
The Stranger Beside Me,"Dean, Suzanne",Echo Bridge Home Entertainment,4
Go East on Sunset Until You Reach the Gates of Hell,"Vercelli, Susan",Warner Home Video,4
First Time Felon,"Peters, Susan Rogers",Home Box Office (HBO),4
Injustice,"Kesser, Susan",Warner Home Video,4
A Discussion About 'Things We Lost in the Fire',"Bier, Susanne",DreamWorks Home Entertainment,4
Beast,"Kesser, Susan",Warner Home Video,4
The Family Stone: Behind the Scenes,"Cunliffe, Shay",Twentieth Century Fox Home Entertainment,4
Stranger on My Land,"Sims, Sue",Madison Home Video,4
Stan's Trial,"Metzner, Susanna",Echo Bridge Home Entertainment,4
"Murder, She Wrote: South by Southwest","Leslie, Susan",Universal Studios Home Entertainment,4
Paper or Plastic?,"Suite, Susan",Paramount Home Entertainment,4
Testing 1-2-3,"Jennings, Sue",Buena Vista Home Entertainment,4
The Deadliest Season,"Ford, Suzanne",Tec Home Vídeo,4
Clint Eastwood: Out of the Shadows,"Hoppe, Suzanne",Warner Home Video,4
Clint Eastwood: Out of the Shadows,"Erler, Susannah",Warner Home Video,4
Staring at the Sun,"Jennings, Sue",Buena Vista Home Entertainment,4
Clint Eastwood: Out of the Shadows,"Lau, Suzanne",Warner Home Video,4
The Diary of Anne Frank: Echoes from the Past,"Bowles, Susan M.",Twentieth Century Fox Home Entertainment,4
Katie Morgan: A Porn Star Revealed,"Benaroya, Susan",Home Box Office (HBO),4
"I Remember the Coatroom, I Just Don't Remember You","Vercelli, Susan",Warner Home Video,4
Didn't We Almost Have It All?,"Jennings, Sue",Buena Vista Home Entertainment,4
Vira Que Eu Gosto!,"Scott, Susana",Sexxxy Home Video,4
Learning from the Masters,"Kiley, Suzanne",Indies Home Entertainment,4
Stairway to Heaven,"Polmanski, Susan",Lions Gate Films Home Entertainment,4
Last Rites for a Dead Priest,"Neufeld Jr., Sigmund",Universal Studios Home Entertainment,4
"Christopher Lee: Mr. Holmes, Mr. Wilder","Emerson, Suzanne",MGM Home Entertainment,4
Destination America,"Waite, Suzanne",Columbia TriStar Home Video,4
Follow the Stars Home,"Lay, Susan",Hallmark Home Entertainment,4
Follow the Stars Home,"Nakamura, Suzy",Hallmark Home Entertainment,4
Stardust: The Bette Davis Story,"Sarandon, Susan",Warner Home Video,4
The Stranger Beside Me,"Turner, Suzanne",Echo Bridge Home Entertainment,4
The Story of David,"Hampshire, Susan",Columbia TriStar Home Video,2
Ice Age: A Mammoth Christmas,"Leslie, Susan",20th Century Fox Home Entertainment Japan,2
Siegfried & Roy: Masters of the Impossible,"Silo, Susan",20th Century Fox Home Entertainment,2
"The Strong, Silent Type","Shepherd, Suzanne",Home Box Office (HBO),2
Astral Monkey,"Santiago, Susan",Paramount Home Entertainment,2
Lost Souls,"Suite, Susan",Paramount Home Entertainment,2
Stan Takes a Wife,"Harris, Susan",Buena Vista Home Entertainment,2
Mister Terrific,"Harris, Susan",Buena Vista Home Entertainment,2
"Bang the Drum, Stanley","Harris, Susan",Buena Vista Home Entertainment,2
Stan Takes a Wife,"Palladino, Susan",Buena Vista Home Entertainment,2
Mister Terrific,"Palladino, Susan",Buena Vista Home Entertainment,2
"Bang the Drum, Stanley","Palladino, Susan",Buena Vista Home Entertainment,2
They're Tearing Down Tim Riley's Bar/The Last Laurel,"Darrow, Susannah",Universal Studios Home Video,2
The Story of David,"Hampshire, Susan",Sony Pictures Home Entertainment,2
Anna and the King: The Real Story of Anna Leonowens,"Morgan, Susan",20th Century Fox Home Entertainment,2
Best Years of Your Life,"Chapple, Susan",20th Century Fox Home Entertainment Japan,2
Starting Over,"von Borsody, Suzanne",Concorde Home Entertainment,2
Just Like Buffalo,"Beavers, Susan",Warner Home Video,2
Smell the Umbrella Stand,"Whang, Suzanne",Warner Home Video,2
The Mayor of Casterbridge,"Tanner, Susan Jane",Fremantle Home Entertainment,2
One Flew Out of the Cuckoo's Nest,"Harris, Susan",Buena Vista Home Entertainment,2
The Last Mogul,"Pleshette, Suzanne",Velocity Home Entertainment,2
Nasty Hero,"Wilson, Susan Knox",Home Video Hellas (HVH),2
Colin Quinn: Long Story Short,"Myerberg, Susan S.",Home Box Office (HBO),2
The Post-it Always Sticks Twice,"Didonna, Suzanne",Home Box Office (HBO),2
The Astronaut,"Clark, Susan",ABC Home Video,2
Path of Least Resistance,"Quinn, Suzanne",Paramount Home Entertainment,2
Smell the Umbrella Stand,"Beavers, Susan",Warner Home Video,2
Heart of Stone,"Gunter, Susie",Warner Home Video,2
The Fourth Sister,"Lowitz, Suzan",Paramount Home Entertainment,2
I'm Dreaming of a Slight Christmas,"Pleshette, Suzanne",20th Century Fox Home Entertainment,2
His Busiest Season,"Pleshette, Suzanne",20th Century Fox Home Entertainment,2
"Bob Has to Have His Tonsils Out, So He Spends Christmas Eve in","Pleshette, Suzanne",20th Century Fox Home Entertainment,2
A Christmas Too Many,"Buliavac, Susan",Singa Home Entertainment,2
'Twas the Nightmare Before Christmas,"Harris, Susan",Buena Vista Home Entertainment,2
'Twas the Nightmare Before Christmas,"Palladino, Susan",Buena Vista Home Entertainment,2
Sabrina's Perfect Christmas,"Gangursky, Suzanne",Paramount Home Entertainment,2
Sabrina's Perfect Christmas,"Ellis, Susan",Paramount Home Entertainment,2
Sabrina's Perfect Christmas,"Conradi, Susan",Paramount Home Entertainment,2
"It's a Hot, Hot, Hot, Hot Christmas","Ellis, Susan",Paramount Home Entertainment,2
Christmas Amnesia,"Conradi, Susan",Paramount Home Entertainment,2
Perspectives on Christmas,"Rosen, Susan",Paramount Home Video,2
Lost and Found,"Walters, Susan",Paramount Home Video,2
Fatal Justice,"Ager, Suzanne",American Independent Productions Home Video,2
Lost and Bound,"Suite, Susan",Paramount Home Entertainment,2
Astral Monkey,"Lowitz, Suzan",Paramount Home Entertainment,2
The Secret Storm,"Oates, Susan",Roy Windsor Productions for American Home Products Inc.,2
"The Strong, Silent Type","Aston, Susan",Home Box Office (HBO),2
Daisy Red Ryder: A History,"Gardner, Susan",Warner Home Video,2
Just by Accident,"Keller, Susan",Universal Studios Home Entertainment,2
Jerry Seinfeld: Stand-Up Confidential,"Ekerling, Suzanne",Home Box Office (HBO),2
First Time Felon,"Peters, Susan Rogers",Warner Home Video,2
The Self-Destruct Button,"Jennings, Sue",Buena Vista Home Entertainment,2
The First Cut Is the Deepest,"Jennings, Sue",Buena Vista Home Entertainment,2
First Time Felon,"Peters, Susan Rogers",Home Box Office Home Video (HBO),2
Pardon My Past,"Lowitz, Suzan",Paramount Home Entertainment,2
Stiletto,"Kesser, Susan",Warner Home Video,2
Pardon My Past,"Savage, Susan",Paramount Home Entertainment,2
Yesterday's Heroes,"Bussard, Suzanne",Paramount Home Entertainment,2
"Motown 25: Yesterday, Today, Forever","De Passe, Suzanne",MGM/UA Home Entertainment,2
The Consulting Detective Mystery,"Krebs, Susan",Paramount Home Entertainment,2
Past Tense,"Haskell, Susan",Paramount Home Entertainment,2
Imposter,"Bussard, Suzanne",Paramount Home Entertainment,2
First Casualty,"Pari, Susan",Paramount Home Entertainment,2
Beauty and the Beast,"Harris, Susan",Buena Vista Home Entertainment,2
Steak Knife,"Saunders, Susan",A-Film Home Entertainment,2
Hank's New Assistant,"Leslie, Susan",Home Box Office (HBO),2
Steak Knife,"Saunders, Susan",Divisa Home Video,2
Conflict of Interest,"Leslie, Susan",Home Box Office (HBO),2
Steak Knife,"Saunders, Susan",Lionsgate Home Entertainment,2
Steak Knife,"McCabe, Suzanne",A-Film Home Entertainment,2
Steak Knife,"McCabe, Suzanne",Divisa Home Video,2
Steak Knife,"McCabe, Suzanne",Lionsgate Home Entertainment,2
Rendezvous with Yesterday,"Hampshire, Susan",20th Century Fox Home Entertainment,2
Nasty Hero,"Wilson, Susan Knox",RCA/Columbia Pictures Home Video,2
Ice Age: A Mammoth Christmas,"Leslie, Susan",20th Century Fox Home Entertainment España S.A.,2
A Paige from the Past,"Suite, Susan",Paramount Home Entertainment,2
